uid,pid,cid,fecha
55,76.0,,2021-09-05
33,,142.0,2021-12-29
119,,87.0,2021-10-13
5,,89.0,2021-11-27
115,,157.0,2021-05-18
22,,93.0,2021-03-30
65,1.0,,2021-07-29
26,,35.0,2020-10-03
72,84.0,,2021-04-29
75,,109.0,2021-12-15
42,97.0,,2021-05-08
45,65.0,,2021-09-26
3,,99.0,2021-06-02
82,38.0,,2020-12-31
32,21.0,,2021-12-15
142,50.0,,2021-11-12
141,,121.0,2021-12-19
141,,123.0,2021-02-10
37,,130.0,2021-10-17
141,,92.0,2021-10-12
72,,103.0,2021-09-10
5,66.0,,2021-09-30
2,,106.0,2020-09-20
55,,124.0,2021-09-19
8,,128.0,2021-11-06
47,,140.0,2021-04-17
22,,115.0,2021-12-11
45,48.0,,2020-08-29
51,,144.0,2021-02-19
72,40.0,,2021-09-03
119,,132.0,2021-12-12
21,,137.0,2020-11-11
146,,87.0,2021-10-25
16,,45.0,2021-02-27
19,,102.0,2020-07-30
30,100.0,,2021-06-23
23,,110.0,2021-03-03
40,,85.0,2021-07-20
95,48.0,,2021-08-31
119,,72.0,2021-10-22
55,,87.0,2021-07-29
44,,106.0,2021-10-19
134,,154.0,2021-10-17
13,,156.0,2021-11-20
53,13.0,,2021-11-22
132,,148.0,2021-11-21
46,,133.0,2021-12-21
63,97.0,,2021-03-03
52,,99.0,2021-06-17
19,8.0,,2020-09-30
21,2.0,,2021-07-15
74,,46.0,2021-09-20
48,,152.0,2021-08-15
15,,111.0,2021-11-24
82,34.0,,2021-02-27
60,17.0,,2021-08-23
12,,147.0,2021-12-06
3,,43.0,2021-08-12
55,,148.0,2020-12-18
21,62.0,,2021-10-16
58,43.0,,2020-06-03
132,2.0,,2021-09-05
130,65.0,,2021-07-01
3,,103.0,2021-10-23
115,,77.0,2021-04-07
40,,119.0,2021-04-25
132,,8.0,2021-11-01
54,,81.0,2020-10-08
40,65.0,,2021-02-10
29,93.0,,2021-08-30
22,,19.0,2021-05-06
52,95.0,,2020-10-22
22,,107.0,2021-11-21
18,,69.0,2021-07-17
97,,132.0,2021-10-16
132,,6.0,2021-10-15
70,,143.0,2021-07-06
37,76.0,,2021-05-24
36,,85.0,2021-10-12
73,81.0,,2021-03-09
48,,96.0,2021-11-29
7,,98.0,2021-09-26
72,,102.0,2021-12-24
14,,103.0,2021-12-24
54,,28.0,2021-08-21
92,,97.0,2021-12-13
73,,89.0,2020-12-27
146,,99.0,2021-06-08
97,101.0,,2021-03-31
26,,90.0,2020-12-31
58,,78.0,2021-08-10
54,,73.0,2021-06-16
18,7.0,,2021-12-25
76,,90.0,2021-08-22
59,,84.0,2021-10-08
130,52.0,,2021-10-18
66,,108.0,2021-07-21
75,,86.0,2021-12-15
22,86.0,,2021-11-16
44,,110.0,2021-11-10
19,83.0,,2021-09-24
23,,156.0,2021-09-18
24,33.0,,2021-01-04
17,,114.0,2020-08-03
90,54.0,,2020-11-01
6,,82.0,2020-10-08
42,73.0,,2020-11-21
61,,82.0,2021-10-23
67,,142.0,2021-12-24
48,31.0,,2021-10-13
32,,62.0,2021-10-03
49,,109.0,2021-08-17
142,,58.0,2021-01-01
53,84.0,,2021-11-25
106,,104.0,2021-07-04
72,1.0,,2020-06-18
5,75.0,,2021-11-15
41,75.0,,2021-08-30
67,,122.0,2021-01-30
66,,71.0,2021-10-24
130,48.0,,2021-04-23
115,,90.0,2021-10-05
13,,112.0,2021-05-07
115,,113.0,2021-04-25
130,54.0,,2021-01-04
60,,86.0,2021-08-03
46,,74.0,2021-07-19
30,,154.0,2021-07-25
12,,66.0,2021-11-12
7,62.0,,2021-11-05
87,,152.0,2020-12-04
20,5.0,,2021-11-23
21,48.0,,2021-06-10
66,,138.0,2021-07-26
105,,100.0,2021-12-09
106,,53.0,2021-06-11
46,,134.0,2020-07-27
48,99.0,,2020-12-28
35,,17.0,2020-10-13
97,,106.0,2021-10-13
63,51.0,,2021-04-30
36,,3.0,2021-08-31
47,21.0,,2021-04-25
28,31.0,,2020-12-21
7,54.0,,2021-11-20
146,,78.0,2020-07-21
133,19.0,,2021-10-10
33,,107.0,2021-03-01
48,19.0,,2021-04-27
75,,156.0,2021-12-11
56,101.0,,2021-08-19
24,,156.0,2020-12-22
133,65.0,,2021-10-05
51,,101.0,2021-07-30
19,,103.0,2020-10-01
70,,137.0,2021-09-09
60,53.0,,2021-07-18
30,26.0,,2021-12-19
76,48.0,,2021-05-13
146,80.0,,2021-12-02
87,,111.0,2021-05-08
93,,93.0,2021-07-01
5,,88.0,2021-11-14
31,38.0,,2021-12-12
54,,149.0,2021-01-19
48,20.0,,2021-10-04
64,,143.0,2021-06-12
93,72.0,,2021-12-08
64,21.0,,2021-09-13
43,,75.0,2021-09-28
45,72.0,,2020-05-30
71,,79.0,2021-10-25
92,,71.0,2021-04-29
2,7.0,,2021-12-15
105,85.0,,2021-08-20
146,,60.0,2021-04-11
74,,145.0,2021-06-18
40,,132.0,2021-08-11
108,,86.0,2021-06-02
65,72.0,,2021-09-26
52,,89.0,2021-07-16
106,,104.0,2021-12-21
62,54.0,,2021-10-27
18,,152.0,2021-02-16
21,,85.0,2020-07-03
52,5.0,,2021-08-22
39,,124.0,2021-05-10
56,40.0,,2021-11-06
50,,117.0,2021-10-14
17,50.0,,2021-03-03
44,,130.0,2021-09-03
146,49.0,,2021-12-26
13,48.0,,2020-11-29
87,40.0,,2021-08-28
61,,108.0,2021-11-02
51,68.0,,2020-12-09
39,,141.0,2021-12-18
102,86.0,,2021-12-17
17,88.0,,2021-07-21
9,99.0,,2021-11-09
15,,85.0,2021-06-17
93,1.0,,2021-11-13
92,,116.0,2020-12-26
68,68.0,,2021-06-11
75,,144.0,2021-12-12
41,,85.0,2021-04-15
3,50.0,,2020-08-31
97,,92.0,2021-06-22
22,,88.0,2021-12-15
21,,107.0,2020-06-16
49,2.0,,2021-06-19
73,,114.0,2021-12-06
13,,157.0,2021-10-16
33,64.0,,2021-10-18
12,,71.0,2020-08-24
37,99.0,,2021-10-04
11,95.0,,2020-12-08
133,49.0,,2021-10-04
54,,101.0,2021-03-22
4,23.0,,2020-08-29
87,93.0,,2021-11-16
5,,93.0,2021-11-17
3,,133.0,2021-07-29
70,,148.0,2021-06-27
43,,73.0,2021-10-31
19,48.0,,2020-09-02
43,,103.0,2021-10-14
35,21.0,,2021-10-29
35,32.0,,2021-05-03
72,40.0,,2021-05-23
68,,105.0,2021-04-03
33,,106.0,2021-12-01
93,,153.0,2021-12-05
63,,17.0,2021-08-20
142,49.0,,2021-12-30
4,26.0,,2021-03-04
51,,143.0,2021-05-24
9,99.0,,2021-11-05
59,73.0,,2021-01-24
22,,98.0,2021-10-05
115,99.0,,2020-07-11
4,39.0,,2020-09-09
9,,135.0,2020-06-24
19,65.0,,2020-09-22
8,,84.0,2021-11-04
39,,62.0,2021-12-05
60,,85.0,2021-08-11
142,,54.0,2021-07-24
142,,150.0,2020-08-19
40,5.0,,2021-07-02
92,,96.0,2021-12-10
122,,127.0,2021-08-18
7,,129.0,2021-12-18
8,,85.0,2021-11-03
26,,104.0,2021-07-18
18,,128.0,2020-12-07
26,13.0,,2021-07-22
59,,97.0,2021-11-04
41,26.0,,2021-08-30
132,27.0,,2021-08-08
63,20.0,,2021-12-07
115,,48.0,2021-05-09
25,,156.0,2021-06-27
45,,133.0,2020-12-09
34,,135.0,2021-01-08
22,,150.0,2021-12-05
64,,153.0,2021-12-02
50,78.0,,2020-09-14
134,85.0,,2021-08-18
43,83.0,,2021-11-12
46,,118.0,2020-12-05
40,,128.0,2021-06-07
4,,147.0,2021-06-30
69,83.0,,2021-05-22
49,,139.0,2021-11-03
44,,75.0,2021-12-18
48,86.0,,2021-03-25
80,1.0,,2021-09-29
60,20.0,,2020-07-28
28,72.0,,2021-12-14
15,60.0,,2021-11-29
40,99.0,,2021-09-01
50,,119.0,2021-11-10
23,,60.0,2021-11-11
22,,134.0,2021-12-17
23,,106.0,2021-12-28
57,,108.0,2020-07-02
76,,124.0,2021-07-22
142,70.0,,2021-10-26
130,,56.0,2021-12-24
21,,156.0,2021-10-13
9,45.0,,2021-11-10
63,1.0,,2021-05-03
50,43.0,,2021-10-06
38,,44.0,2020-10-22
93,96.0,,2021-09-09
75,85.0,,2021-12-05
55,64.0,,2021-05-12
72,36.0,,2020-11-09
67,43.0,,2021-06-14
132,,23.0,2021-08-24
35,,110.0,2021-08-27
39,45.0,,2021-06-18
77,,7.0,2021-04-04
115,,156.0,2021-11-03
49,,149.0,2021-04-15
61,5.0,,2021-04-05
119,42.0,,2021-12-03
123,13.0,,2021-06-06
67,,37.0,2021-09-01
92,53.0,,2020-11-21
55,39.0,,2021-12-12
46,72.0,,2021-01-26
43,,115.0,2021-10-06
6,62.0,,2021-12-10
54,,102.0,2021-03-22
75,35.0,,2021-12-11
16,,142.0,2021-04-07
142,21.0,,2021-08-21
7,84.0,,2021-12-29
32,,114.0,2021-12-05
130,,60.0,2021-11-25
58,35.0,,2021-12-30
27,,87.0,2021-07-28
41,,84.0,2021-09-29
31,,69.0,2021-03-02
60,,146.0,2021-07-25
5,13.0,,2020-12-24
90,77.0,,2021-12-24
21,36.0,,2021-09-19
115,,92.0,2021-07-03
119,,133.0,2021-12-19
21,,151.0,2021-01-17
32,,139.0,2021-12-24
90,,35.0,2021-09-05
53,,65.0,2021-11-23
6,62.0,,2020-09-25
35,39.0,,2021-03-30
122,74.0,,2021-03-03
4,31.0,,2021-08-02
115,5.0,,2021-09-07
133,,80.0,2021-08-24
90,,109.0,2021-02-20
71,,134.0,2021-04-28
97,,134.0,2021-11-01
76,,84.0,2021-07-30
70,,108.0,2021-05-31
77,54.0,,2020-11-08
22,,61.0,2021-12-05
115,,100.0,2021-04-18
48,65.0,,2020-11-19
59,,96.0,2021-11-07
4,21.0,,2020-12-05
24,5.0,,2020-12-27
82,,140.0,2021-09-03
51,75.0,,2021-06-27
47,82.0,,2021-01-14
33,,88.0,2021-12-03
13,,73.0,2021-09-28
56,,116.0,2021-11-25
14,,133.0,2021-08-12
4,,156.0,2020-12-24
146,,62.0,2021-06-26
82,77.0,,2021-07-09
115,,83.0,2020-12-03
22,,105.0,2021-12-20
11,,144.0,2021-02-24
66,,126.0,2021-08-08
93,70.0,,2021-08-08
73,,71.0,2021-01-30
23,,108.0,2021-09-19
68,53.0,,2021-11-27
4,,92.0,2021-07-07
37,,131.0,2021-06-30
75,,157.0,2021-12-15
43,,139.0,2020-11-29
34,51.0,,2021-07-10
18,34.0,,2021-04-20
61,,89.0,2021-07-31
122,36.0,,2021-03-08
40,,138.0,2021-11-04
97,,104.0,2021-10-21
60,,141.0,2021-09-02
19,32.0,,2020-06-25
14,,129.0,2021-04-12
48,,54.0,2020-11-30
51,,146.0,2021-03-07
62,81.0,,2021-12-11
130,85.0,,2021-10-30
146,40.0,,2021-09-01
119,,87.0,2021-08-15
38,,141.0,2020-11-16
55,100.0,,2021-05-19
8,,116.0,2021-11-05
5,,94.0,2021-11-21
90,48.0,,2021-01-09
1,,139.0,2020-09-18
31,,92.0,2020-10-09
52,,101.0,2021-01-24
90,,136.0,2021-04-16
122,62.0,,2021-12-25
54,43.0,,2021-03-09
141,,112.0,2021-01-25
18,,146.0,2021-10-31
22,,56.0,2021-11-19
44,,100.0,2021-12-06
31,37.0,,2021-12-24
132,,137.0,2021-12-03
22,,10.0,2020-10-02
97,,148.0,2021-04-04
108,,145.0,2021-11-14
122,78.0,,2021-08-17
74,,132.0,2021-06-16
56,,99.0,2021-10-22
9,31.0,,2021-10-30
32,,125.0,2021-05-22
6,9.0,,2021-01-30
1,1.0,,2021-12-13
56,,115.0,2020-12-07
26,,90.0,2021-07-31
37,,109.0,2021-09-20
77,,21.0,2021-02-20
36,21.0,,2021-04-19
17,81.0,,2021-07-03
122,5.0,,2021-12-16
47,95.0,,2020-09-28
119,,134.0,2021-12-16
54,,79.0,2021-03-30
72,,151.0,2020-09-16
72,,96.0,2021-06-11
46,75.0,,2021-08-25
61,2.0,,2021-07-04
15,,118.0,2021-07-06
22,,88.0,2021-05-28
46,82.0,,2020-12-14
70,,154.0,2021-09-10
14,,115.0,2021-09-28
45,49.0,,2021-09-25
46,5.0,,2021-01-24
141,,46.0,2020-10-04
38,,4.0,2021-03-29
63,,145.0,2021-12-09
58,,134.0,2021-11-17
28,,91.0,2021-05-11
23,19.0,,2021-05-23
6,,157.0,2020-08-26
60,,101.0,2021-08-09
30,,10.0,2021-06-08
97,,22.0,2021-12-29
115,,141.0,2021-12-15
36,68.0,,2021-12-20
30,,117.0,2021-06-22
106,,101.0,2021-12-29
17,65.0,,2020-09-20
9,20.0,,2021-10-31
60,,148.0,2021-07-18
20,81.0,,2021-10-12
31,99.0,,2021-10-02
24,,109.0,2021-08-21
73,,104.0,2021-08-09
60,96.0,,2020-07-27
106,,103.0,2021-07-16
47,,82.0,2021-05-24
59,,144.0,2021-07-04
7,,156.0,2021-12-20
97,101.0,,2021-10-18
52,,88.0,2021-06-17
19,82.0,,2020-08-14
16,,84.0,2021-03-07
75,,133.0,2020-12-24
105,,134.0,2020-11-24
58,65.0,,2021-08-06
142,19.0,,2021-12-18
36,,151.0,2021-10-01
14,,134.0,2021-05-17
54,,75.0,2021-04-14
92,35.0,,2021-07-23
16,,92.0,2021-12-07
22,,132.0,2021-12-01
3,,102.0,2021-07-15
133,42.0,,2021-03-06
19,5.0,,2021-06-08
35,21.0,,2021-09-16
133,40.0,,2020-12-04
142,,77.0,2021-11-07
48,38.0,,2020-11-16
77,42.0,,2020-10-20
60,,84.0,2021-07-13
60,17.0,,2020-10-30
95,83.0,,2021-10-03
35,95.0,,2021-03-07
76,,143.0,2021-03-15
70,93.0,,2021-06-01
61,,121.0,2021-10-01
60,,87.0,2021-09-21
46,,123.0,2021-02-28
142,,139.0,2021-12-21
28,,132.0,2021-12-03
17,,98.0,2020-10-15
60,,89.0,2021-08-25
132,,75.0,2021-12-04
5,8.0,,2021-11-20
23,100.0,,2021-08-28
53,62.0,,2021-11-25
66,,87.0,2021-09-11
119,5.0,,2021-10-11
4,,87.0,2021-01-15
8,80.0,,2021-05-01
49,,138.0,2021-10-12
22,,157.0,2021-12-07
77,,8.0,2020-08-29
46,42.0,,2021-06-20
142,,143.0,2021-10-07
22,,16.0,2020-12-05
17,,87.0,2021-03-31
37,40.0,,2021-11-21
22,,156.0,2020-11-23
142,,102.0,2021-04-09
4,,142.0,2021-02-21
115,,138.0,2021-03-19
106,,118.0,2021-06-08
76,,125.0,2021-03-13
33,,100.0,2021-10-31
11,,151.0,2021-05-25
69,35.0,,2021-10-31
14,,110.0,2021-12-01
45,45.0,,2021-11-02
47,88.0,,2021-02-15
17,,96.0,2021-03-23
39,,123.0,2021-11-30
22,,87.0,2021-12-16
108,31.0,,2021-11-20
73,,115.0,2021-06-01
14,51.0,,2020-12-06
66,,107.0,2021-12-22
38,,48.0,2021-03-18
59,73.0,,2021-05-19
31,42.0,,2021-06-02
50,,96.0,2021-10-18
50,54.0,,2021-10-25
49,77.0,,2021-12-02
32,19.0,,2021-11-21
17,51.0,,2021-11-10
97,17.0,,2021-05-26
87,41.0,,2021-08-01
134,,137.0,2021-11-23
11,,130.0,2021-09-03
146,,90.0,2020-08-17
3,,147.0,2021-07-08
60,,142.0,2021-08-26
64,,85.0,2021-10-09
134,,155.0,2021-11-16
33,,95.0,2021-10-26
44,,131.0,2021-09-09
19,1.0,,2021-12-09
65,,94.0,2021-06-08
46,,130.0,2021-04-20
134,75.0,,2020-10-11
77,,4.0,2021-05-22
23,,154.0,2021-12-17
2,66.0,,2021-02-15
49,,112.0,2020-06-18
106,,120.0,2020-12-24
20,5.0,,2021-10-26
4,,86.0,2021-08-27
141,,41.0,2021-03-20
61,,127.0,2020-12-12
54,,136.0,2021-12-03
8,,138.0,2021-12-14
50,,93.0,2021-09-20
23,,107.0,2021-06-22
43,70.0,,2021-11-26
115,40.0,,2021-01-28
90,37.0,,2021-06-19
14,,126.0,2020-12-09
68,,156.0,2021-12-05
66,,139.0,2021-09-26
8,,92.0,2021-11-05
31,,103.0,2021-12-13
64,39.0,,2021-09-01
130,51.0,,2021-01-30
37,54.0,,2021-04-22
142,,51.0,2021-09-13
67,50.0,,2021-07-26
82,,119.0,2021-08-30
36,,102.0,2021-12-01
62,,106.0,2021-03-30
23,,145.0,2021-06-18
119,,143.0,2021-11-23
12,,5.0,2021-08-23
59,,105.0,2021-11-19
64,64.0,,2021-05-07
108,,93.0,2021-10-18
10,,107.0,2021-12-12
53,,131.0,2021-11-23
130,,3.0,2021-11-07
12,48.0,,2021-04-05
9,,137.0,2020-05-31
68,,114.0,2021-10-12
65,,83.0,2021-03-25
132,,37.0,2021-10-15
40,31.0,,2021-07-01
40,,104.0,2021-12-06
26,65.0,,2020-09-11
141,,148.0,2021-03-11
123,74.0,,2020-09-05
93,,82.0,2021-10-26
19,,138.0,2020-07-18
47,,86.0,2021-01-29
15,,140.0,2020-11-14
119,,141.0,2021-12-17
73,,141.0,2021-07-02
7,,139.0,2021-11-11
21,,156.0,2021-08-07
74,,133.0,2020-12-24
72,93.0,,2021-11-20
90,,148.0,2020-12-15
66,,75.0,2021-09-03
45,19.0,,2021-07-02
13,,71.0,2021-09-10
48,97.0,,2021-12-22
16,,137.0,2021-10-21
115,,42.0,2021-08-24
39,,128.0,2021-11-22
44,,143.0,2021-12-14
76,,116.0,2021-08-30
45,21.0,,2021-07-13
48,99.0,,2021-10-03
93,35.0,,2021-12-08
41,26.0,,2021-05-03
44,26.0,,2021-09-17
40,,140.0,2021-03-26
67,40.0,,2021-10-10
51,,141.0,2021-07-16
55,27.0,,2020-09-18
12,,117.0,2021-11-23
65,,121.0,2021-12-03
14,,116.0,2021-08-16
40,,133.0,2021-04-03
58,,107.0,2021-09-15
19,,150.0,2021-03-21
87,50.0,,2021-10-13
132,,72.0,2021-12-14
66,,120.0,2021-08-27
134,,118.0,2021-09-05
43,,135.0,2021-11-24
119,,79.0,2021-09-28
67,,105.0,2021-04-27
76,,121.0,2021-08-13
34,,153.0,2021-08-08
30,,134.0,2021-06-12
59,,146.0,2021-08-05
22,,60.0,2021-12-29
2,93.0,,2020-09-17
36,,118.0,2021-07-12
49,,87.0,2021-10-08
5,48.0,,2021-11-24
50,32.0,,2021-12-18
9,73.0,,2021-10-30
51,,92.0,2021-01-28
61,,110.0,2020-12-21
48,,52.0,2021-04-02
17,75.0,,2021-04-24
50,,144.0,2021-08-29
63,,108.0,2021-05-17
141,,125.0,2021-04-17
2,96.0,,2021-04-14
72,,75.0,2021-01-13
122,,157.0,2021-05-04
71,,82.0,2021-11-27
35,42.0,,2021-05-23
106,,148.0,2020-11-14
56,,114.0,2021-04-13
16,,122.0,2021-02-27
70,,14.0,2021-05-28
60,1.0,,2020-11-10
62,60.0,,2021-08-15
65,,78.0,2021-02-18
82,100.0,,2021-09-19
24,,152.0,2020-12-06
20,,129.0,2021-11-10
44,,139.0,2021-08-15
106,,102.0,2021-12-27
70,,29.0,2021-12-11
11,83.0,,2021-09-22
57,,91.0,2021-07-20
11,26.0,,2021-09-09
63,,116.0,2020-08-19
130,85.0,,2021-09-04
76,90.0,,2020-08-27
4,,100.0,2021-03-24
33,99.0,,2021-10-14
41,,112.0,2020-12-21
54,,114.0,2021-06-02
133,,131.0,2021-03-02
115,,101.0,2021-05-20
133,,110.0,2021-10-11
6,,88.0,2021-07-22
14,,9.0,2021-12-13
40,,140.0,2021-12-12
93,35.0,,2021-11-14
45,,81.0,2021-05-23
56,,156.0,2021-01-12
18,,150.0,2021-05-18
19,,121.0,2021-08-29
38,33.0,,2021-06-03
15,35.0,,2021-11-22
32,,123.0,2021-01-28
64,,88.0,2021-09-05
50,,122.0,2021-10-15
4,,85.0,2021-05-21
8,,135.0,2021-12-06
119,,102.0,2021-08-24
56,35.0,,2021-06-13
20,88.0,,2021-11-17
36,,102.0,2020-08-24
97,60.0,,2021-10-08
146,5.0,,2021-10-09
52,,129.0,2021-08-25
108,,85.0,2021-07-20
132,59.0,,2021-12-09
64,31.0,,2021-11-18
54,95.0,,2021-05-19
54,,102.0,2021-08-02
58,42.0,,2021-11-30
55,,10.0,2021-10-25
108,,129.0,2021-11-04
5,,95.0,2021-11-23
119,,104.0,2021-11-13
74,,138.0,2021-11-26
141,,130.0,2021-01-27
119,,77.0,2021-06-08
142,99.0,,2020-11-22
1,73.0,,2021-10-29
51,72.0,,2020-12-08
50,,95.0,2021-08-02
115,,44.0,2021-02-21
87,,113.0,2021-03-24
51,61.0,,2021-07-11
67,,107.0,2021-11-13
34,,92.0,2021-03-17
19,19.0,,2021-10-20
6,,80.0,2021-07-14
17,,107.0,2021-07-10
105,,91.0,2021-12-10
130,41.0,,2021-07-26
22,,116.0,2021-11-22
39,,48.0,2021-04-14
119,,103.0,2021-08-02
27,65.0,,2021-06-16
52,,122.0,2021-01-27
92,39.0,,2021-02-01
24,38.0,,2021-03-22
82,,139.0,2021-08-31
40,,138.0,2021-11-17
60,,100.0,2021-09-08
23,54.0,,2021-08-31
7,,153.0,2021-12-19
46,,132.0,2021-12-29
55,27.0,,2020-10-02
1,70.0,,2021-12-16
13,27.0,,2021-05-07
77,,73.0,2020-11-05
59,,156.0,2021-12-26
93,,83.0,2021-03-23
55,,89.0,2021-07-04
97,,90.0,2021-08-23
3,,148.0,2020-10-29
65,,104.0,2021-07-15
22,,21.0,2021-09-23
37,,110.0,2021-03-26
82,,136.0,2021-08-30
40,80.0,,2021-11-25
22,,118.0,2021-08-12
62,,56.0,2021-01-20
108,14.0,,2021-07-17
54,,100.0,2021-06-21
37,17.0,,2021-07-27
73,,108.0,2021-09-14
146,,61.0,2020-11-06
31,,123.0,2021-12-28
93,,94.0,2021-06-13
141,,113.0,2020-10-25
16,,86.0,2021-10-07
33,30.0,,2021-11-26
77,,134.0,2021-08-06
73,,70.0,2021-12-29
82,,138.0,2021-09-03
31,38.0,,2021-11-27
30,,118.0,2021-06-11
49,,105.0,2021-08-08
54,,132.0,2021-03-28
142,80.0,,2021-12-23
30,,14.0,2021-06-11
59,,106.0,2021-11-05
10,,106.0,2021-06-24
72,96.0,,2021-02-12
142,,116.0,2021-12-10
50,,98.0,2021-10-06
20,54.0,,2021-11-26
32,,54.0,2021-10-09
133,,143.0,2021-11-13
32,5.0,,2021-11-16
115,,143.0,2021-08-25
82,33.0,,2021-01-06
8,,86.0,2021-12-21
87,42.0,,2021-07-12
18,,98.0,2021-04-10
64,,87.0,2021-09-18
73,,142.0,2021-12-13
87,,151.0,2020-11-19
23,,127.0,2021-01-23
12,51.0,,2021-01-30
21,,157.0,2021-06-24
49,,70.0,2021-09-18
12,,126.0,2021-07-25
141,,124.0,2021-02-09
15,37.0,,2021-05-07
142,,90.0,2021-01-30
76,,142.0,2020-10-17
92,,114.0,2021-07-05
68,,122.0,2021-07-27
72,,98.0,2021-05-26
22,,146.0,2021-11-27
122,,128.0,2021-10-30
49,,72.0,2021-01-29
61,,92.0,2021-06-11
52,73.0,,2021-11-01
53,13.0,,2021-11-23
106,,85.0,2021-06-19
33,,143.0,2021-12-03
108,,103.0,2021-06-25
146,,92.0,2020-07-13
141,54.0,,2021-02-09
28,50.0,,2021-06-05
8,,127.0,2021-11-07
67,,155.0,2021-12-12
65,13.0,,2021-01-11
35,82.0,,2021-06-08
16,,124.0,2021-07-02
119,,155.0,2020-12-15
92,,107.0,2021-12-13
141,,149.0,2021-02-16
37,42.0,,2021-10-19
46,96.0,,2021-02-11
24,,90.0,2020-12-06
40,,118.0,2020-12-21
58,50.0,,2021-12-16
49,,101.0,2021-05-22
66,,140.0,2021-08-13
115,,78.0,2020-07-18
45,,116.0,2021-12-23
16,,62.0,2021-04-12
40,,86.0,2021-09-19
44,,129.0,2021-06-02
17,61.0,,2021-04-20
142,,148.0,2021-12-25
62,,25.0,2020-11-11
12,,118.0,2021-06-28
25,100.0,,2020-12-02
59,97.0,,2021-04-16
77,,72.0,2021-05-13
97,,107.0,2021-11-17
141,7.0,,2021-02-04
26,,107.0,2020-08-23
82,,118.0,2021-09-03
24,54.0,,2021-08-04
54,,137.0,2021-11-30
8,78.0,,2021-05-01
141,,147.0,2021-03-02
25,,154.0,2021-10-27
130,,111.0,2021-09-26
14,,42.0,2021-11-22
119,,99.0,2021-11-28
8,,140.0,2021-12-13
122,,156.0,2021-05-18
119,75.0,,2021-10-05
43,,30.0,2021-11-12
63,,114.0,2021-12-21
26,,102.0,2021-08-02
92,42.0,,2021-05-04
18,,80.0,2021-05-15
146,,137.0,2021-11-04
46,,2.0,2021-07-21
71,,133.0,2021-04-06
62,,63.0,2021-07-18
38,44.0,,2021-03-22
68,,54.0,2021-12-05
56,,101.0,2021-10-22
43,,72.0,2021-12-07
44,,107.0,2021-06-08
55,,22.0,2021-09-16
119,,87.0,2021-12-05
11,77.0,,2021-12-03
73,,87.0,2021-12-23
24,77.0,,2021-07-09
46,,103.0,2021-08-08
70,,135.0,2021-02-25
59,79.0,,2021-08-11
15,,66.0,2021-01-30
14,,35.0,2021-11-17
87,72.0,,2021-12-17
43,59.0,,2021-10-26
31,97.0,,2021-05-11
97,54.0,,2021-10-12
4,,90.0,2021-07-13
18,,106.0,2021-12-03
12,,70.0,2021-08-17
44,88.0,,2021-12-03
1,,140.0,2020-10-30
18,,86.0,2021-07-20
59,33.0,,2021-12-09
92,,153.0,2020-06-29
14,,131.0,2021-01-10
11,45.0,,2021-02-03
44,,113.0,2021-09-20
90,,110.0,2021-04-28
43,20.0,,2021-08-25
4,100.0,,2021-02-06
63,21.0,,2020-11-24
23,,61.0,2021-12-09
142,75.0,,2021-09-25
5,64.0,,2021-11-19
1,,138.0,2020-10-05
21,,142.0,2020-09-28
119,,134.0,2021-07-18
119,,101.0,2021-12-02
67,,74.0,2021-10-11
142,54.0,,2021-09-04
51,72.0,,2021-01-03
9,66.0,,2021-11-05
55,,9.0,2021-09-21
119,,153.0,2021-03-14
26,,103.0,2021-08-01
34,,136.0,2021-05-11
4,,88.0,2021-06-21
62,,117.0,2021-02-27
31,,90.0,2020-10-30
115,,92.0,2021-03-14
73,,143.0,2021-07-06
64,48.0,,2021-09-09
52,,121.0,2021-03-02
35,,7.0,2021-02-19
41,86.0,,2021-05-03
23,,53.0,2021-12-24
93,21.0,,2021-12-11
12,,3.0,2021-10-03
50,23.0,,2021-09-18
52,,126.0,2021-11-27
48,49.0,,2021-11-20
105,,133.0,2021-07-29
115,,111.0,2021-02-22
4,,130.0,2021-08-30
23,,51.0,2021-12-28
13,,132.0,2021-09-02
14,,127.0,2020-12-03
46,,132.0,2020-07-29
23,,105.0,2021-11-12
38,,37.0,2021-08-03
11,21.0,,2021-03-05
57,101.0,,2021-11-21
53,5.0,,2021-11-25
63,,93.0,2021-09-12
14,,150.0,2021-12-19
49,,122.0,2021-11-27
48,13.0,,2021-03-01
17,5.0,,2021-09-25
92,,95.0,2021-12-13
74,53.0,,2020-11-15
23,,126.0,2021-04-21
55,84.0,,2021-09-19
49,,89.0,2021-08-21
18,32.0,,2021-12-08
13,34.0,,2021-09-29
87,65.0,,2021-09-08
132,27.0,,2021-11-29
82,,117.0,2021-09-03
45,,138.0,2021-10-21
106,,100.0,2021-12-28
39,,90.0,2021-11-11
22,,131.0,2020-10-05
26,78.0,,2021-07-12
22,,129.0,2021-10-20
7,,65.0,2021-11-20
17,,89.0,2021-11-07
35,,109.0,2021-07-01
21,,143.0,2021-12-03
39,,127.0,2021-11-23
13,,134.0,2021-05-11
73,,88.0,2021-10-22
56,,143.0,2021-09-29
72,,73.0,2020-12-11
66,,127.0,2021-07-29
25,,153.0,2021-04-02
14,7.0,,2021-09-15
29,,92.0,2021-07-15
90,94.0,,2020-10-23
32,,115.0,2021-12-26
3,,132.0,2021-09-21
12,83.0,,2021-11-06
50,2.0,,2021-03-20
130,19.0,,2021-11-21
39,,157.0,2021-04-25
62,,119.0,2021-07-22
39,,49.0,2021-04-13
49,,74.0,2021-01-31
57,,91.0,2020-06-25
75,48.0,,2021-02-13
12,,4.0,2021-11-26
108,,104.0,2021-09-11
45,99.0,,2020-07-24
71,,132.0,2021-05-01
108,,95.0,2021-09-18
106,,115.0,2021-12-19
48,,121.0,2021-06-13
49,,74.0,2021-11-23
17,65.0,,2021-09-03
49,,94.0,2021-09-17
108,,144.0,2021-10-31
16,,102.0,2020-11-13
55,78.0,,2021-05-26
24,95.0,,2021-12-29
15,,5.0,2021-06-04
92,,93.0,2021-12-09
20,54.0,,2021-09-29
70,,24.0,2021-08-22
30,,111.0,2021-05-10
77,,106.0,2021-12-14
20,50.0,,2021-12-19
18,,107.0,2021-01-21
122,17.0,,2021-03-12
40,82.0,,2021-07-22
141,,117.0,2020-12-23
141,,137.0,2020-08-17
64,,142.0,2021-06-29
22,,157.0,2021-11-03
25,86.0,,2021-10-03
57,,92.0,2020-07-30
3,,100.0,2021-08-14
73,,54.0,2021-06-24
68,,120.0,2021-05-18
21,,86.0,2021-05-15
13,,133.0,2021-12-03
36,,157.0,2021-09-01
19,20.0,,2021-12-28
142,,149.0,2021-12-16
5,42.0,,2021-11-21
22,,55.0,2021-11-15
50,,66.0,2021-09-01
32,78.0,,2021-12-23
23,,128.0,2020-09-16
16,81.0,,2021-11-02
54,,81.0,2021-08-01
66,,125.0,2021-09-21
37,,71.0,2021-11-22
8,,106.0,2021-10-21
55,,149.0,2021-05-23
52,,140.0,2021-08-07
36,,86.0,2021-07-29
46,,72.0,2021-12-06
52,30.0,,2021-11-21
134,48.0,,2021-09-20
5,5.0,,2021-12-04
8,38.0,,2021-06-12
31,,129.0,2020-11-22
64,,141.0,2021-07-24
73,,48.0,2021-07-07
106,72.0,,2021-02-02
50,2.0,,2021-12-16
6,,89.0,2021-10-22
12,,92.0,2021-08-06
49,,120.0,2021-12-29
27,,88.0,2021-10-18
22,,144.0,2021-12-24
90,40.0,,2021-09-24
75,,90.0,2020-08-28
47,48.0,,2021-01-08
97,99.0,,2021-05-01
132,,70.0,2021-11-25
141,60.0,,2021-02-25
56,,142.0,2021-10-23
134,50.0,,2021-09-25
66,,105.0,2021-05-16
67,,39.0,2021-11-01
61,,120.0,2021-11-15
69,,135.0,2021-12-24
106,,107.0,2021-12-14
16,,89.0,2021-05-08
19,8.0,,2020-07-14
122,61.0,,2021-03-24
19,,151.0,2021-04-14
64,,133.0,2021-06-05
87,,150.0,2020-10-17
23,,139.0,2021-12-29
77,,133.0,2021-03-11
73,,74.0,2021-11-04
16,,61.0,2021-02-25
9,86.0,,2021-08-14
142,101.0,,2021-09-30
66,,72.0,2021-09-13
133,,145.0,2021-12-07
22,,87.0,2021-10-12
34,,137.0,2021-02-06
69,,98.0,2021-07-01
57,77.0,,2021-08-12
48,,98.0,2021-07-04
21,13.0,,2021-09-24
56,,141.0,2021-08-08
46,,69.0,2020-09-12
93,,154.0,2021-11-11
10,,132.0,2021-06-27
59,,157.0,2021-12-01
60,60.0,,2020-10-30
82,,106.0,2021-07-16
76,,91.0,2021-09-05
92,,94.0,2021-12-08
21,,157.0,2021-05-11
119,,73.0,2021-10-22
76,,86.0,2021-09-19
43,,74.0,2021-09-27
130,72.0,,2021-07-29
46,,134.0,2021-12-13
25,,1.0,2021-12-03
19,5.0,,2021-12-20
133,65.0,,2021-09-22
44,,94.0,2021-10-21
12,54.0,,2021-04-14
106,,112.0,2021-06-13
4,75.0,,2021-04-12
38,,143.0,2021-06-27
55,100.0,,2021-10-16
44,,96.0,2021-11-19
37,,129.0,2021-09-06
33,,93.0,2021-11-19
30,2.0,,2021-06-08
82,100.0,,2021-04-09
46,,129.0,2021-05-28
75,,146.0,2021-12-15
54,,147.0,2021-08-12
23,,110.0,2021-08-16
74,,50.0,2021-07-08
122,,91.0,2021-03-21
24,,113.0,2021-07-07
59,20.0,,2021-01-30
141,,129.0,2020-12-13
97,72.0,,2021-10-27
69,85.0,,2021-10-09
58,60.0,,2021-10-02
61,,87.0,2021-04-04
49,,71.0,2021-12-23
43,,137.0,2021-01-10
30,90.0,,2021-06-07
70,,137.0,2021-10-23
59,13.0,,2020-08-28
122,,126.0,2021-08-10
59,76.0,,2021-12-11
45,37.0,,2020-09-25
5,44.0,,2021-05-31
119,,142.0,2021-11-27
106,21.0,,2021-12-13
13,,40.0,2021-06-03
22,,77.0,2021-06-23
36,,110.0,2020-06-20
70,,155.0,2021-12-17
56,60.0,,2020-09-26
115,,145.0,2021-02-14
8,,154.0,2021-11-03
119,,106.0,2021-12-21
13,,47.0,2021-01-17
16,,156.0,2021-12-25
14,,128.0,2020-09-26
75,,102.0,2021-12-14
24,48.0,,2020-12-18
32,38.0,,2021-12-11
92,,101.0,2020-11-19
5,13.0,,2021-12-13
132,,24.0,2021-07-23
50,,69.0,2021-10-12
19,,98.0,2020-06-12
141,,135.0,2020-10-02
1,83.0,,2021-08-18
90,,49.0,2021-09-29
8,,139.0,2021-11-28
122,9.0,,2021-10-17
14,,104.0,2021-07-27
64,,154.0,2021-07-11
133,,77.0,2021-09-01
54,,17.0,2021-08-06
46,,131.0,2021-05-14
80,101.0,,2021-09-21
74,,35.0,2021-07-09
2,5.0,,2021-03-24
4,,157.0,2021-02-06
22,61.0,,2021-11-13
26,,92.0,2021-06-06
52,66.0,,2021-11-28
92,,115.0,2020-10-18
65,,95.0,2021-04-21
68,48.0,,2021-04-14
44,,98.0,2021-09-09
43,8.0,,2021-10-20
115,83.0,,2021-06-25
25,26.0,,2021-06-23
95,,137.0,2021-04-06
51,,154.0,2020-11-02
39,,125.0,2021-08-24
106,48.0,,2021-12-18
106,,111.0,2021-06-14
50,75.0,,2021-10-23
92,,85.0,2021-12-13
40,,102.0,2021-09-22
30,,153.0,2021-10-20
12,88.0,,2021-01-21
8,,107.0,2021-05-26
57,54.0,,2021-09-10
48,,122.0,2021-11-21
92,,146.0,2021-08-09
130,51.0,,2020-11-08
115,37.0,,2020-09-12
97,,85.0,2021-08-16
20,,131.0,2021-11-08
24,38.0,,2021-12-08
19,42.0,,2020-09-15
53,9.0,,2021-11-25
9,45.0,,2021-11-01
92,,121.0,2021-09-07
119,,88.0,2021-11-29
52,,130.0,2021-10-27
41,38.0,,2021-08-17
12,29.0,,2021-09-27
52,,139.0,2021-09-23
122,,129.0,2021-08-26
132,,147.0,2021-12-11
24,77.0,,2020-12-11
119,54.0,,2021-11-19
2,49.0,,2021-08-22
31,19.0,,2020-12-15
146,45.0,,2021-07-04
15,,145.0,2021-12-29
119,77.0,,2021-11-23
59,,132.0,2021-07-19
31,48.0,,2021-12-02
4,,149.0,2021-08-26
106,,150.0,2021-06-16
49,,140.0,2021-09-19
44,,95.0,2021-11-29
12,,127.0,2021-07-20
77,,75.0,2021-08-22
77,,66.0,2021-07-07
9,73.0,,2021-11-01
11,,152.0,2020-11-06
21,20.0,,2021-06-13
45,,90.0,2020-11-30
50,,67.0,2021-07-22
44,45.0,,2021-12-14
76,,92.0,2021-08-12
130,17.0,,2021-07-23
2,,128.0,2020-07-05
31,19.0,,2021-02-26
10,,133.0,2021-01-07
106,,149.0,2020-12-21
67,,71.0,2021-05-31
47,64.0,,2021-02-17
73,,140.0,2021-07-28
106,,107.0,2021-12-22
7,,93.0,2021-08-27
37,,133.0,2021-08-19
132,,47.0,2021-05-21
122,,92.0,2021-12-06
22,,4.0,2021-04-11
133,74.0,,2021-10-06
13,7.0,,2021-06-11
43,74.0,,2021-11-10
22,,133.0,2021-11-23
40,,134.0,2021-05-04
115,,123.0,2021-02-03
1,,157.0,2021-11-13
73,,119.0,2021-06-09
122,26.0,,2021-12-27
12,27.0,,2021-03-12
23,,57.0,2021-05-12
105,26.0,,2021-11-09
44,,99.0,2021-08-13
36,,67.0,2021-10-22
105,61.0,,2021-04-21
142,95.0,,2021-09-12
51,64.0,,2020-09-11
10,86.0,,2021-11-21
39,,156.0,2021-06-20
132,,49.0,2021-08-01
58,2.0,,2021-04-15
4,,103.0,2021-08-27
130,,117.0,2021-06-28
67,37.0,,2021-09-07
23,,113.0,2021-09-21
132,,135.0,2021-12-28
30,,27.0,2021-06-13
105,48.0,,2021-12-23
34,80.0,,2020-12-25
25,,115.0,2021-03-10
20,48.0,,2021-08-29
24,,151.0,2021-01-17
141,,119.0,2021-03-13
97,50.0,,2021-03-27
46,,4.0,2021-07-23
18,,85.0,2020-10-20
22,,5.0,2020-12-10
119,,78.0,2021-03-10
37,,72.0,2021-11-13
115,,31.0,2020-07-24
50,14.0,,2021-08-02
68,54.0,,2021-10-21
61,,88.0,2021-03-21
90,33.0,,2021-07-29
141,99.0,,2021-03-04
2,101.0,,2021-09-13
7,,145.0,2021-08-04
32,88.0,,2021-06-15
123,,68.0,2021-06-08
68,,106.0,2021-12-02
1,72.0,,2021-12-12
39,,73.0,2021-08-29
115,,111.0,2021-06-10
130,85.0,,2020-12-25
46,,133.0,2020-12-07
141,51.0,,2020-12-06
16,,3.0,2020-12-03
2,76.0,,2021-07-24
119,,89.0,2021-12-27
76,35.0,,2021-08-25
44,,101.0,2021-10-19
17,26.0,,2021-08-04
7,,130.0,2021-12-24
90,,124.0,2021-05-31
132,100.0,,2021-11-02
24,,124.0,2020-11-19
141,,117.0,2021-02-10
133,,156.0,2021-09-30
106,,58.0,2021-06-19
90,64.0,,2020-09-03
72,5.0,,2020-12-23
108,,84.0,2021-10-31
58,,133.0,2021-10-28
67,,72.0,2021-10-18
77,,19.0,2021-02-28
40,,126.0,2020-11-12
87,,96.0,2021-02-01
23,,144.0,2021-09-13
59,,107.0,2021-12-29
142,,92.0,2021-06-04
41,77.0,,2021-04-16
44,39.0,,2021-09-26
3,,104.0,2021-08-09
7,54.0,,2021-10-12
37,,75.0,2021-11-11
43,,25.0,2021-10-05
22,,138.0,2021-12-20
71,64.0,,2021-06-17
40,,70.0,2021-06-02
141,,91.0,2020-11-25
49,,71.0,2021-09-28
22,,52.0,2021-12-21
93,5.0,,2021-06-29
7,36.0,,2021-08-04
21,35.0,,2021-06-18
133,,142.0,2021-09-21
7,,154.0,2021-12-18
54,,99.0,2021-05-01
54,,103.0,2021-07-15
9,66.0,,2021-11-04
55,54.0,,2021-12-16
134,,154.0,2021-11-15
46,35.0,,2021-05-04
33,,89.0,2021-12-19
21,13.0,,2020-10-06
61,,90.0,2021-05-01
2,,107.0,2021-09-28
50,,74.0,2021-10-06
18,,77.0,2021-03-27
141,,37.0,2021-03-20
67,,70.0,2021-10-23
65,,76.0,2021-09-08
5,31.0,,2021-02-15
40,,139.0,2021-11-16
77,,5.0,2021-06-15
65,,103.0,2021-07-15
38,,34.0,2020-09-17
60,50.0,,2021-01-23
38,,68.0,2021-07-14
39,80.0,,2021-07-18
57,,92.0,2021-06-29
66,,146.0,2021-10-25
1,72.0,,2021-12-15
1,,38.0,2020-10-06
50,75.0,,2021-10-09
43,,136.0,2021-06-03
115,42.0,,2020-10-14
20,65.0,,2021-12-12
37,48.0,,2021-07-26
25,78.0,,2021-08-24
119,,88.0,2021-12-03
142,49.0,,2021-12-14
90,,89.0,2021-04-14
77,,100.0,2021-04-04
16,,43.0,2020-08-11
64,,86.0,2021-08-28
141,,119.0,2021-10-28
41,,126.0,2021-06-08
54,,82.0,2021-03-09
17,,115.0,2021-09-04
56,,157.0,2021-01-03
52,,87.0,2021-08-08
49,,147.0,2020-11-25
18,,78.0,2020-11-29
141,48.0,,2021-07-23
55,,147.0,2021-04-14
30,,107.0,2021-07-01
142,80.0,,2021-12-23
65,62.0,,2021-06-03
119,21.0,,2021-03-13
141,35.0,,2021-03-08
35,82.0,,2021-12-24
141,,131.0,2020-08-20
65,82.0,,2021-07-23
19,35.0,,2020-08-25
132,59.0,,2021-12-21
11,,90.0,2021-09-21
21,45.0,,2020-08-24
92,,155.0,2020-07-05
76,74.0,,2021-03-05
1,85.0,,2021-07-26
76,,123.0,2021-05-14
16,,58.0,2020-08-04
73,,88.0,2021-02-08
8,,73.0,2021-11-06
123,62.0,,2020-09-30
33,,99.0,2021-01-25
65,78.0,,2021-06-01
52,31.0,,2021-10-12
36,,104.0,2021-02-20
106,,103.0,2021-12-23
142,,73.0,2021-12-16
59,97.0,,2021-03-09
106,,134.0,2021-12-28
26,65.0,,2021-11-08
33,100.0,,2020-09-24
134,,153.0,2021-10-17
11,,131.0,2021-12-29
76,,120.0,2021-07-27
54,,104.0,2021-07-08
11,38.0,,2021-09-16
58,,132.0,2021-07-25
22,,140.0,2021-11-28
134,,117.0,2021-10-25
26,,120.0,2021-02-03
62,11.0,,2021-12-22
44,,111.0,2021-09-08
108,,146.0,2021-12-01
4,42.0,,2021-09-27
22,,11.0,2021-03-16
23,,67.0,2021-10-14
36,,104.0,2021-11-01
130,88.0,,2021-08-31
19,64.0,,2020-10-05
106,,151.0,2021-12-27
17,,88.0,2020-10-07
141,,111.0,2020-08-31
66,75.0,,2021-08-03
48,,58.0,2021-04-05
2,,105.0,2021-10-23
122,39.0,,2021-07-22
115,80.0,,2021-01-28
65,,93.0,2021-07-30
26,,69.0,2021-08-03
59,66.0,,2021-04-01
43,,20.0,2021-11-21
33,,141.0,2021-12-21
67,,120.0,2020-12-19
45,,132.0,2020-08-02
106,,152.0,2021-12-20
45,,20.0,2021-05-22
141,31.0,,2020-11-04
48,65.0,,2021-11-12
26,,122.0,2021-02-11
75,,92.0,2020-09-08
26,,113.0,2021-01-30
105,,99.0,2021-10-21
42,13.0,,2021-02-02
141,,89.0,2021-01-21
26,,148.0,2021-10-08
70,,136.0,2021-10-20
80,66.0,,2021-06-22
18,,85.0,2021-06-27
40,,127.0,2021-10-26
90,,108.0,2020-11-13
119,,144.0,2021-06-22
12,,68.0,2021-09-19
63,62.0,,2021-09-21
82,,156.0,2020-12-23
22,,106.0,2021-12-04
39,,74.0,2021-12-08
22,,20.0,2021-03-17
44,,155.0,2021-05-24
59,,94.0,2021-12-04
134,,136.0,2021-08-13
28,,90.0,2021-07-07
43,,150.0,2021-11-15
141,,85.0,2020-05-06
51,,99.0,2021-03-17
93,42.0,,2021-03-18
50,75.0,,2021-06-08
35,,85.0,2021-12-15
67,51.0,,2021-09-04
41,,49.0,2020-07-04
66,,89.0,2021-12-04
1,,90.0,2021-08-27
106,,114.0,2021-12-27
90,,21.0,2021-01-03
31,,125.0,2021-11-28
15,,1.0,2021-05-26
22,,82.0,2021-01-16
50,8.0,,2021-12-12
18,,84.0,2020-11-10
18,,151.0,2021-12-10
132,90.0,,2021-06-21
46,27.0,,2020-06-06
16,,136.0,2021-07-15
80,5.0,,2021-07-24
75,,134.0,2020-09-08
65,31.0,,2021-12-13
72,66.0,,2021-03-06
36,95.0,,2020-10-09
58,,81.0,2020-08-26
97,,105.0,2021-12-27
92,,81.0,2021-04-10
28,45.0,,2020-08-25
142,,152.0,2020-08-17
66,,124.0,2021-08-31
19,,122.0,2021-04-10
132,,136.0,2021-12-26
72,62.0,,2021-11-29
1,74.0,,2021-09-13
68,,150.0,2021-07-03
119,,80.0,2021-10-16
123,84.0,,2021-01-28
92,21.0,,2021-12-11
41,33.0,,2021-06-28
142,,115.0,2021-07-06
119,,86.0,2021-04-11
92,85.0,,2021-08-08
72,,104.0,2020-11-11
53,78.0,,2021-11-24
69,,97.0,2021-09-26
36,,84.0,2021-08-30
72,82.0,,2020-10-19
92,,84.0,2021-06-30
41,,115.0,2021-11-07
8,,75.0,2021-11-04
22,,96.0,2021-01-22
130,65.0,,2021-07-25
92,75.0,,2021-12-12
50,100.0,,2021-07-15
30,,106.0,2021-10-12
43,,114.0,2021-11-06
77,17.0,,2021-11-08
37,,132.0,2021-09-11
106,,99.0,2021-12-15
63,,115.0,2021-02-13
4,75.0,,2021-01-08
61,,109.0,2021-03-06
67,,31.0,2021-09-29
54,,76.0,2021-06-15
30,,119.0,2021-06-21
48,20.0,,2021-03-08
21,,77.0,2021-10-20
67,76.0,,2021-09-24
40,,73.0,2021-12-19
41,,114.0,2021-08-30
30,61.0,,2021-10-04
122,,131.0,2021-03-31
59,,85.0,2021-07-11
73,,110.0,2021-10-07
16,,66.0,2020-09-09
90,,138.0,2021-10-04
48,80.0,,2021-02-20
46,,139.0,2021-07-02
35,,82.0,2021-09-21
45,38.0,,2020-09-29
87,,149.0,2020-10-11
40,,84.0,2021-05-26
66,,123.0,2021-09-10
119,,105.0,2021-12-13
122,26.0,,2021-07-21
42,99.0,,2020-11-04
106,,150.0,2021-12-18
49,,66.0,2021-09-24
68,,151.0,2021-10-12
8,,155.0,2021-11-06
16,,124.0,2021-10-09
51,,112.0,2021-08-12
48,,97.0,2021-11-24
41,37.0,,2021-08-10
67,,153.0,2021-04-03
54,,115.0,2021-06-29
54,,18.0,2021-11-16
106,,106.0,2021-12-14
26,88.0,,2021-11-03
43,,9.0,2021-12-27
16,101.0,,2021-09-26
59,33.0,,2021-12-29
39,,126.0,2021-08-10
119,,102.0,2021-08-02
36,83.0,,2021-12-10
75,,103.0,2021-12-13
70,,142.0,2021-12-18
80,96.0,,2021-06-02
36,60.0,,2020-08-15
31,44.0,,2021-08-20
17,,100.0,2021-04-04
122,,140.0,2021-07-18
108,101.0,,2021-12-14
45,,8.0,2021-06-11
44,,106.0,2021-10-22
133,,145.0,2021-10-01
6,,78.0,2021-09-10
105,,101.0,2021-11-13
4,,91.0,2021-07-04
76,,115.0,2021-09-12
24,,108.0,2021-04-24
130,,112.0,2021-10-21
76,,122.0,2021-09-20
97,65.0,,2021-10-19
57,99.0,,2021-07-17
12,50.0,,2021-06-01
31,33.0,,2021-11-27
66,,145.0,2021-09-03
2,100.0,,2021-11-22
25,51.0,,2021-02-27
40,,139.0,2021-11-01
20,85.0,,2021-09-22
12,90.0,,2021-12-27
20,65.0,,2021-12-21
7,,138.0,2021-08-26
119,,107.0,2021-12-07
17,95.0,,2021-10-09
105,65.0,,2021-10-14
115,62.0,,2020-07-04
16,,125.0,2021-10-29
23,,52.0,2021-05-09
73,,87.0,2021-04-12
119,72.0,,2021-06-29
71,82.0,,2021-10-22
12,,91.0,2021-11-28
133,21.0,,2021-09-20
4,26.0,,2021-05-18
13,,34.0,2021-02-11
122,,138.0,2021-09-09
75,,110.0,2021-12-12
44,75.0,,2021-10-06
46,,104.0,2021-03-03
77,,132.0,2021-11-25
71,,135.0,2021-08-16
18,,4.0,2021-06-28
130,72.0,,2021-09-11
80,20.0,,2021-09-28
82,,107.0,2020-10-16
105,5.0,,2021-05-17
36,,69.0,2021-12-20
55,,134.0,2021-02-25
4,81.0,,2020-08-09
40,20.0,,2021-12-08
35,,19.0,2021-08-12
97,,102.0,2021-10-04
115,37.0,,2020-06-30
62,,62.0,2020-12-07
21,,141.0,2020-11-22
108,,137.0,2021-08-27
134,,119.0,2021-11-20
123,,115.0,2021-03-19
119,,107.0,2021-02-04
146,5.0,,2020-07-03
57,,90.0,2021-04-22
18,,152.0,2020-11-28
21,,79.0,2020-07-23
18,,150.0,2021-12-30
16,,123.0,2021-09-19
87,,112.0,2020-10-16
108,,64.0,2021-05-08
87,,105.0,2021-09-06
66,,109.0,2021-08-16
142,,151.0,2020-08-20
35,75.0,,2021-04-21
60,82.0,,2020-12-14
77,,147.0,2021-11-17
65,84.0,,2021-01-08
21,75.0,,2021-09-28
54,,131.0,2021-12-19
68,,63.0,2021-10-08
28,99.0,,2021-04-19
2,,127.0,2020-10-29
61,,81.0,2021-07-30
74,7.0,,2021-11-18
64,73.0,,2021-08-03
70,49.0,,2021-09-01
27,41.0,,2021-07-26
47,,85.0,2020-10-16
7,,155.0,2021-12-24
49,,39.0,2020-09-23
67,48.0,,2021-12-14
106,,117.0,2021-06-21
46,,73.0,2021-05-07
65,,102.0,2021-06-06
57,36.0,,2021-01-24
24,,125.0,2021-06-19
97,,147.0,2021-07-17
46,5.0,,2021-12-11
70,38.0,,2021-10-21
32,,157.0,2021-07-08
134,,153.0,2021-08-24
132,50.0,,2021-12-08
28,99.0,,2021-03-13
36,,103.0,2021-12-17
76,,109.0,2021-08-05
45,,115.0,2021-08-19
72,74.0,,2021-06-30
95,40.0,,2021-06-23
61,,91.0,2021-02-17
115,,127.0,2021-08-12
63,,27.0,2021-08-27
66,,128.0,2021-09-02
12,,129.0,2021-05-04
27,,89.0,2021-06-01
11,65.0,,2021-02-18
108,39.0,,2021-07-01
46,,119.0,2020-12-25
16,,125.0,2021-12-26
53,,68.0,2021-11-23
63,,109.0,2020-10-19
22,,26.0,2021-08-21
115,,128.0,2021-05-19
115,88.0,,2021-11-14
134,81.0,,2021-09-30
57,,90.0,2020-07-04
46,,125.0,2021-02-06
87,,106.0,2021-06-11
48,,92.0,2021-04-15
26,,155.0,2021-02-26
64,,84.0,2021-09-22
65,5.0,,2021-07-14
90,,147.0,2020-09-13
76,,108.0,2021-08-04
35,,108.0,2021-07-15
133,62.0,,2021-08-22
48,,55.0,2021-10-05
48,,157.0,2021-03-18
67,48.0,,2021-11-24
72,,70.0,2020-12-26
4,,89.0,2021-04-01
68,,152.0,2021-11-19
74,75.0,,2021-12-12
132,64.0,,2021-11-20
28,,137.0,2021-06-26
50,,118.0,2021-09-05
9,97.0,,2021-11-07
67,80.0,,2021-09-16
67,,73.0,2021-08-29
92,,114.0,2020-12-07
31,,149.0,2020-11-20
7,,157.0,2021-12-21
50,42.0,,2021-12-22
27,,91.0,2021-10-05
13,,42.0,2021-11-20
133,,129.0,2021-12-08
22,,89.0,2021-12-21
54,,82.0,2021-06-17
44,,153.0,2021-10-08
146,,77.0,2021-07-31
23,,2.0,2021-09-06
57,75.0,,2021-11-23
16,54.0,,2021-06-07
17,50.0,,2021-01-02
23,,122.0,2021-10-11
72,72.0,,2021-04-16
22,,133.0,2021-11-18
80,5.0,,2021-06-01
46,,110.0,2021-11-27
4,35.0,,2021-05-07
66,,144.0,2021-06-05
90,,93.0,2021-05-06
133,38.0,,2021-09-21
97,,133.0,2021-05-17
77,77.0,,2021-10-13
43,,104.0,2021-09-23
67,80.0,,2021-05-03
11,,150.0,2020-12-04
17,,106.0,2021-01-22
119,1.0,,2021-10-01
7,,131.0,2021-12-15
58,,105.0,2021-06-13
3,101.0,,2021-10-17
68,77.0,,2021-03-21
59,,91.0,2021-01-04
141,,41.0,2020-11-29
73,,103.0,2021-10-05
142,,81.0,2021-09-07
62,,58.0,2021-01-25
4,20.0,,2021-06-06
82,76.0,,2021-08-18
21,,152.0,2021-02-22
16,,52.0,2020-11-04
43,,16.0,2021-11-02
52,,100.0,2021-01-23
54,,135.0,2021-12-19
14,,130.0,2021-01-18
67,,141.0,2021-12-24
97,,9.0,2021-11-27
46,,117.0,2020-09-08
34,,155.0,2021-08-03
106,,119.0,2021-06-09
119,,90.0,2021-10-15
74,,146.0,2021-07-09
22,53.0,,2021-12-23
14,,18.0,2021-12-15
26,,112.0,2021-03-01
17,81.0,,2021-05-02
44,,97.0,2021-11-22
32,,116.0,2021-09-30
43,,143.0,2021-10-28
74,,139.0,2021-12-21
141,,44.0,2021-02-25
46,42.0,,2021-09-16
60,,99.0,2021-08-01
4,,84.0,2021-09-11
52,,128.0,2021-09-13
35,49.0,,2021-06-21
15,,98.0,2021-01-11
45,68.0,,2020-05-31
55,,125.0,2021-08-31
64,,132.0,2021-04-08
16,,84.0,2021-12-13
49,,4.0,2021-07-03
146,19.0,,2021-08-08
38,,65.0,2021-06-22
35,35.0,,2021-08-01
23,,121.0,2021-08-19
36,,117.0,2020-08-11
57,23.0,,2021-12-11
74,,144.0,2020-11-20
70,,109.0,2021-07-19
106,,133.0,2021-12-22
92,100.0,,2021-03-20
70,,141.0,2021-08-10
132,29.0,,2021-11-23
49,,70.0,2021-05-19
28,,116.0,2021-04-30
23,,140.0,2021-11-18
54,88.0,,2021-08-15
106,,89.0,2021-12-29
17,88.0,,2021-03-03
41,100.0,,2021-10-04
25,,155.0,2021-01-07
23,,155.0,2021-06-11
39,99.0,,2021-04-04
49,,99.0,2020-06-08
36,,119.0,2021-05-29
65,66.0,,2021-10-12
130,88.0,,2020-11-15
50,35.0,,2021-06-04
80,82.0,,2021-10-16
25,48.0,,2021-07-28
21,66.0,,2020-08-30
70,,149.0,2021-04-25
90,,125.0,2021-07-12
46,,102.0,2021-09-19
87,93.0,,2021-11-16
119,,84.0,2021-05-13
46,66.0,,2021-03-14
92,,86.0,2021-12-13
15,,138.0,2021-02-03
59,31.0,,2021-01-25
4,,148.0,2021-08-16
17,83.0,,2021-03-30
90,,47.0,2021-10-05
7,78.0,,2021-12-22
53,5.0,,2021-11-25
35,23.0,,2020-10-18
15,,101.0,2021-03-22
141,,90.0,2020-12-03
65,20.0,,2021-08-16
35,20.0,,2021-08-02
52,,138.0,2021-11-08
25,,127.0,2021-07-13
92,,115.0,2021-09-25
102,86.0,,2021-12-17
115,,140.0,2021-10-10
68,61.0,,2021-10-22
87,,100.0,2020-12-12
44,,103.0,2021-10-21
39,75.0,,2021-07-14
29,40.0,,2021-08-27
61,,76.0,2021-04-04
48,,150.0,2021-12-23
23,,85.0,2021-08-21
90,59.0,,2021-12-15
20,51.0,,2021-08-17
43,,74.0,2021-12-13
105,82.0,,2021-02-11
73,,72.0,2021-07-14
106,72.0,,2021-03-14
24,80.0,,2021-04-25
2,42.0,,2021-07-23
56,93.0,,2021-10-06
72,,72.0,2020-07-30
146,,83.0,2021-02-18
2,27.0,,2021-11-25
70,,136.0,2021-03-20
52,,131.0,2021-06-25
108,,86.0,2021-11-25
141,,47.0,2021-04-20
63,,110.0,2020-12-04
58,,106.0,2021-10-31
24,,123.0,2021-11-28
133,,144.0,2021-09-30
47,48.0,,2020-10-30
132,5.0,,2021-12-03
50,,94.0,2021-08-16
60,,147.0,2021-09-01
15,,113.0,2021-12-03
40,97.0,,2021-11-29
17,5.0,,2021-03-26
16,,106.0,2021-04-28
68,,157.0,2021-08-24
1,42.0,,2021-11-14
19,70.0,,2020-10-04
38,,142.0,2021-02-23
32,65.0,,2021-10-18
36,75.0,,2021-07-11
20,86.0,,2020-07-01
64,,148.0,2021-07-08
141,,84.0,2021-02-07
16,,85.0,2021-10-26
48,95.0,,2021-10-06
26,,106.0,2021-12-17
133,,101.0,2020-10-21
15,,97.0,2020-12-26
32,,138.0,2021-11-11
10,76.0,,2021-09-13
106,,102.0,2021-07-23
44,,105.0,2021-11-27
57,48.0,,2021-06-16
24,,112.0,2021-07-17
90,93.0,,2021-09-10
49,,111.0,2021-05-29
50,99.0,,2021-10-16
105,,145.0,2021-08-06
92,,100.0,2021-01-27
25,,67.0,2021-12-09
77,33.0,,2021-01-01
80,20.0,,2021-07-14
105,,132.0,2020-10-06
8,,59.0,2021-11-05
18,48.0,,2021-07-18
54,,134.0,2021-09-10
15,37.0,,2020-10-01
92,,145.0,2021-06-18
73,,138.0,2021-10-06
18,,151.0,2021-05-23
2,,126.0,2020-11-20
62,101.0,,2021-08-15
53,,1.0,2021-11-24
33,,87.0,2021-10-27
133,20.0,,2021-03-20
108,,135.0,2021-08-31
44,,93.0,2021-10-06
63,,144.0,2021-12-13
16,,67.0,2021-03-19
106,45.0,,2020-12-25
31,54.0,,2021-11-27
142,,138.0,2021-01-28
12,,90.0,2021-09-06
68,,104.0,2021-10-23
4,,54.0,2021-07-13
46,,124.0,2021-12-10
24,,110.0,2021-12-11
45,79.0,,2020-11-09
19,,120.0,2021-04-13
26,,154.0,2021-01-31
55,29.0,,2021-02-06
123,74.0,,2020-11-19
70,40.0,,2021-02-27
4,,131.0,2021-08-29
46,,68.0,2021-05-29
119,,89.0,2021-10-10
40,48.0,,2021-08-19
25,,128.0,2021-04-22
106,19.0,,2020-12-16
41,48.0,,2020-12-13
97,,86.0,2021-11-13
1,,33.0,2020-10-27
6,74.0,,2021-02-11
28,,114.0,2021-08-12
77,,118.0,2021-08-29
38,31.0,,2020-12-28
25,,126.0,2020-09-18
72,99.0,,2021-07-12
115,,91.0,2021-06-08
65,96.0,,2021-08-05
16,,87.0,2021-01-17
26,,149.0,2020-09-26
26,,153.0,2021-02-16
48,,56.0,2021-03-29
23,,64.0,2021-09-07
7,,94.0,2021-11-13
19,,104.0,2020-09-30
72,36.0,,2020-11-21
87,,148.0,2020-09-28
10,,129.0,2021-01-25
68,8.0,,2021-08-28
37,,135.0,2020-11-10
90,,2.0,2021-08-16
66,85.0,,2021-10-24
23,,134.0,2021-09-19
119,,132.0,2021-11-15
11,20.0,,2021-06-19
133,,157.0,2021-10-03
45,49.0,,2021-10-07
60,,144.0,2021-09-10
82,,137.0,2021-08-30
38,100.0,,2021-03-25
3,,134.0,2021-09-20
115,,112.0,2021-02-18
18,,126.0,2021-11-26
20,50.0,,2021-11-08
28,,115.0,2021-07-12
30,75.0,,2021-07-22
69,19.0,,2021-06-09
50,,97.0,2021-08-02
92,,74.0,2021-05-06
93,5.0,,2021-12-07
141,,34.0,2020-05-21
64,,134.0,2021-04-14
25,,116.0,2021-03-22
142,,106.0,2021-09-06
134,21.0,,2020-09-09
23,,5.0,2021-08-01
90,,39.0,2021-09-14
30,53.0,,2021-06-01
21,,92.0,2021-06-19
36,49.0,,2021-04-12
26,,146.0,2021-01-04
46,45.0,,2021-11-26
49,,148.0,2020-10-01
90,,135.0,2021-07-20
17,,97.0,2020-11-18
77,,6.0,2021-06-23
54,,8.0,2021-06-22
16,,50.0,2020-10-12
36,17.0,,2021-07-13
23,,111.0,2021-09-14
67,81.0,,2021-10-04
4,,126.0,2021-06-29
55,,123.0,2021-09-13
8,,90.0,2021-11-08
14,,109.0,2021-10-29
115,,112.0,2021-01-22
12,2.0,,2021-11-04
9,31.0,,2021-11-11
22,,95.0,2021-07-30
58,80.0,,2021-03-03
41,8.0,,2021-01-09
68,100.0,,2021-06-04
37,,97.0,2020-08-27
73,,109.0,2021-09-25
72,93.0,,2021-05-20
82,,135.0,2021-08-31
30,,132.0,2021-06-09
40,,72.0,2021-12-21
90,,139.0,2021-10-03
22,,97.0,2021-11-06
22,,89.0,2021-09-03
141,5.0,,2020-07-08
77,,17.0,2021-04-07
68,,52.0,2021-10-23
3,,105.0,2021-06-21
66,,110.0,2021-12-23
43,,152.0,2021-10-01
119,,133.0,2020-08-22
72,54.0,,2020-08-20
55,100.0,,2020-09-06
47,,77.0,2021-01-18
142,,103.0,2021-02-12
50,,2.0,2021-01-22
142,,55.0,2020-12-15
132,,149.0,2021-11-19
4,,146.0,2021-07-18
21,,67.0,2021-02-09
59,68.0,,2021-08-16
49,,100.0,2021-07-07
45,,80.0,2021-08-30
106,,116.0,2021-12-21
22,,140.0,2021-05-01
106,,105.0,2021-12-27
105,35.0,,2021-11-09
37,75.0,,2021-09-29
23,,112.0,2021-09-07
15,,146.0,2021-11-30
68,74.0,,2021-09-24
11,,129.0,2021-10-30
16,,31.0,2020-11-17
35,5.0,,2021-08-22
59,,98.0,2021-12-12
142,,71.0,2021-12-16
7,9.0,,2021-11-17
146,,63.0,2021-02-14
68,33.0,,2021-10-31
69,,137.0,2021-12-13
60,26.0,,2021-08-28
61,,114.0,2021-04-21
39,,51.0,2021-11-13
134,64.0,,2020-10-04
119,,18.0,2021-07-07
19,,152.0,2021-06-14
62,,94.0,2021-06-30
92,,99.0,2020-11-05
39,,143.0,2021-11-11
21,,150.0,2020-10-23
39,,135.0,2021-09-15
18,,127.0,2020-11-02
77,,119.0,2021-03-28
119,,118.0,2021-03-09
50,,103.0,2020-12-27
59,,145.0,2021-09-23
13,5.0,,2021-05-05
46,,66.0,2021-09-13
26,,2.0,2021-08-05
73,,47.0,2021-06-01
52,75.0,,2020-12-28
10,,134.0,2021-04-21
55,,88.0,2021-09-12
46,,74.0,2021-11-22
22,,139.0,2021-09-25
53,36.0,,2021-11-23
72,,97.0,2021-06-14
119,61.0,,2021-10-16
11,,77.0,2021-05-05
93,1.0,,2021-11-14
133,48.0,,2021-12-16
30,,155.0,2021-07-15
130,,155.0,2021-06-30
115,,99.0,2021-03-02
92,,66.0,2021-01-15
35,19.0,,2021-12-21
97,60.0,,2021-12-17
7,80.0,,2021-12-30
47,,84.0,2021-03-16
55,,12.0,2020-12-18
72,,152.0,2020-12-19
62,81.0,,2021-06-02
17,61.0,,2021-08-10
7,,140.0,2021-10-21
108,,131.0,2021-12-04
38,97.0,,2020-12-23
4,,102.0,2021-08-08
17,39.0,,2020-09-22
45,,154.0,2020-10-29
61,,92.0,2021-04-20
31,45.0,,2021-04-19
43,,140.0,2021-01-30
22,,10.0,2020-09-22
57,,116.0,2021-01-30
13,42.0,,2021-09-30
65,,83.0,2021-05-08
87,,147.0,2021-11-01
26,,4.0,2021-07-20
28,42.0,,2021-11-25
51,,73.0,2021-04-27
52,54.0,,2021-07-29
53,74.0,,2021-11-23
68,95.0,,2021-12-08
36,,103.0,2021-10-21
73,,115.0,2021-03-28
142,,75.0,2021-11-28
54,,27.0,2021-08-01
39,,56.0,2021-06-21
119,,89.0,2021-03-30
133,,79.0,2021-08-13
28,2.0,,2021-08-09
130,,113.0,2021-09-24
9,97.0,,2021-11-11
95,85.0,,2021-08-22
5,97.0,,2021-12-09
48,44.0,,2021-07-31
130,,156.0,2021-09-26
17,95.0,,2020-06-11
43,,151.0,2021-09-26
146,,52.0,2020-09-30
31,,147.0,2020-10-30
46,,71.0,2021-11-16
75,,132.0,2020-12-25
90,,23.0,2021-10-06
22,,134.0,2021-12-08
14,,114.0,2021-08-18
123,,114.0,2021-08-23
74,19.0,,2021-09-29
11,,76.0,2021-03-04
8,,91.0,2021-11-06
115,,113.0,2021-03-28
87,,107.0,2021-11-29
90,,67.0,2021-12-19
20,48.0,,2021-09-29
23,,64.0,2021-11-20
51,,145.0,2020-09-22
7,,144.0,2021-08-17
18,,96.0,2021-04-15
28,,92.0,2021-09-27
119,,85.0,2021-10-12
37,,70.0,2021-11-21
23,,86.0,2021-06-30
8,,126.0,2021-11-06
87,,101.0,2020-11-20
15,,94.0,2021-04-21
44,,18.0,2020-07-24
73,,89.0,2021-09-19
75,,104.0,2021-12-13
26,45.0,,2021-01-18
32,,52.0,2021-12-25
8,,71.0,2021-11-05
62,,93.0,2021-07-25
92,48.0,,2021-12-10
66,,106.0,2021-11-10
21,,58.0,2021-06-29
7,5.0,,2021-11-06
22,,151.0,2021-12-15
31,,104.0,2021-04-01
92,54.0,,2021-03-17
36,,115.0,2020-10-18
8,,72.0,2021-11-06
75,,108.0,2021-12-14
40,64.0,,2021-12-12
62,,118.0,2021-03-23
35,,86.0,2021-05-02
6,78.0,,2020-10-30
70,,153.0,2020-09-16
20,88.0,,2021-08-15
44,,107.0,2021-11-28
73,,102.0,2021-06-22
22,,156.0,2021-12-03
146,,91.0,2021-02-08
59,,134.0,2021-08-17
36,,21.0,2021-12-25
90,,113.0,2021-09-06
19,38.0,,2021-03-23
37,,108.0,2021-04-12
141,90.0,,2021-05-12
52,5.0,,2021-11-08
66,,99.0,2021-12-14
87,101.0,,2021-11-10
64,17.0,,2021-10-02
36,,156.0,2021-05-17
43,,102.0,2021-10-03
77,,67.0,2021-09-24
105,72.0,,2021-06-21
5,62.0,,2021-11-19
31,77.0,,2021-11-28
18,,81.0,2020-11-12
65,31.0,,2021-05-06
106,,147.0,2021-01-01
61,,122.0,2020-12-13
146,,89.0,2021-08-13
77,,117.0,2021-11-05
105,83.0,,2021-04-13
76,,110.0,2021-07-23
92,,106.0,2021-12-13
134,,135.0,2021-11-05
45,,83.0,2021-06-30
68,,102.0,2021-10-01
3,,149.0,2021-03-28
1,,47.0,2020-09-03
44,2.0,,2020-10-07
106,,106.0,2021-12-25
141,,118.0,2020-11-11
9,30.0,,2021-11-07
24,,111.0,2020-11-03
142,,104.0,2021-09-07
57,84.0,,2021-07-30
34,,90.0,2021-05-01
8,,105.0,2021-06-17
108,,102.0,2021-09-17
90,,87.0,2021-06-01
28,101.0,,2021-02-25
16,,135.0,2021-08-08
52,,117.0,2021-10-24
21,75.0,,2021-11-03
123,78.0,,2021-03-13
106,26.0,,2021-07-13
54,,96.0,2021-11-29
90,,123.0,2021-06-04
21,,135.0,2020-08-24
34,,154.0,2021-08-13
59,38.0,,2021-12-30
65,74.0,,2021-08-06
92,,68.0,2020-11-28
7,,104.0,2021-08-27
17,,116.0,2021-04-15
134,,115.0,2021-09-16
142,21.0,,2021-12-26
35,70.0,,2021-06-15
72,,150.0,2021-11-07
1,32.0,,2021-10-23
133,80.0,,2021-10-07
142,96.0,,2021-09-08
22,54.0,,2021-12-10
27,72.0,,2021-09-13
76,,85.0,2021-09-18
4,54.0,,2020-08-27
130,7.0,,2021-11-21
25,,114.0,2021-10-08
68,,58.0,2021-09-02
8,75.0,,2021-10-13
16,,141.0,2021-09-01
39,,92.0,2021-12-17
66,,88.0,2021-12-10
25,,157.0,2021-02-04
41,,35.0,2021-11-01
142,88.0,,2021-08-24
36,,152.0,2021-11-19
19,96.0,,2021-12-11
18,,109.0,2021-03-27
115,,142.0,2021-08-27
52,,127.0,2021-10-26
48,73.0,,2021-10-31
53,84.0,,2021-11-23
90,,149.0,2020-12-12
3,,101.0,2021-09-18
119,64.0,,2021-12-21
44,,102.0,2021-09-24
77,,107.0,2021-03-08
48,,120.0,2021-07-22
12,,74.0,2021-07-30
18,,105.0,2021-07-23
97,,84.0,2021-09-06
65,9.0,,2021-02-26
119,72.0,,2021-12-05
65,,77.0,2021-11-18
18,,144.0,2021-04-18
26,,105.0,2021-09-27
43,64.0,,2021-07-27
12,50.0,,2021-11-17
61,,132.0,2021-04-28
130,,157.0,2021-09-24
119,,105.0,2020-12-30
115,,90.0,2020-10-29
17,,101.0,2020-11-14
55,78.0,,2021-03-31
45,34.0,,2021-03-13
43,,139.0,2021-09-27
73,,37.0,2021-12-09
35,48.0,,2021-03-26
14,,124.0,2021-08-18
22,72.0,,2020-06-26
68,,103.0,2021-12-06
146,,88.0,2021-10-14
93,64.0,,2021-05-18
71,86.0,,2021-12-19
95,51.0,,2021-12-09
123,,104.0,2020-06-22
142,,107.0,2021-09-14
63,,23.0,2021-03-07
9,,136.0,2021-05-27
5,,87.0,2021-11-09
87,,99.0,2021-10-12
68,,107.0,2021-07-01
26,,129.0,2020-11-09
26,,111.0,2021-02-24
48,,156.0,2021-10-30
9,44.0,,2021-11-01
142,81.0,,2021-08-30
59,,133.0,2021-09-19
142,,60.0,2021-07-15
72,82.0,,2021-08-15
14,,102.0,2021-09-02
35,,84.0,2021-03-02
36,,5.0,2021-12-01
73,83.0,,2021-01-03
40,95.0,,2021-09-27
62,,95.0,2021-11-17
73,,118.0,2021-07-11
41,,86.0,2021-07-05
39,99.0,,2021-09-26
73,,73.0,2020-12-31
21,,4.0,2021-07-22
141,,86.0,2021-04-18
15,,99.0,2021-05-30
37,,96.0,2020-11-11
48,,91.0,2020-12-01
20,83.0,,2021-12-04
49,,118.0,2021-07-25
51,,113.0,2021-08-11
11,,81.0,2021-01-05
106,,113.0,2021-06-10
50,83.0,,2021-07-13
39,,91.0,2021-09-24
15,34.0,,2021-10-06
26,,106.0,2021-02-19
37,,98.0,2021-01-04
62,,59.0,2021-02-02
50,,102.0,2020-08-25
132,,71.0,2021-11-30
54,,71.0,2021-03-22
92,,4.0,2021-01-23
24,,150.0,2021-11-07
48,,151.0,2021-08-03
93,,155.0,2021-11-05
77,,105.0,2020-12-25
23,,69.0,2021-04-04
123,,103.0,2021-11-23
105,95.0,,2020-12-22
92,37.0,,2021-02-06
17,17.0,,2020-10-07
5,64.0,,2021-11-15
41,100.0,,2020-08-29
65,,122.0,2021-05-26
61,,83.0,2021-01-23
49,,121.0,2021-05-13
12,,128.0,2020-11-30
7,,96.0,2021-09-10
23,,133.0,2021-09-20
19,72.0,,2021-12-17
49,,88.0,2021-12-13
49,,93.0,2021-10-16
54,,77.0,2021-05-28
119,,106.0,2020-08-10
92,7.0,,2021-10-03
61,,128.0,2021-09-22
43,,87.0,2021-12-20
44,,104.0,2021-11-03
45,,19.0,2020-09-27
141,19.0,,2021-03-19
95,65.0,,2021-09-11
73,19.0,,2021-08-29
46,50.0,,2021-04-02
15,,112.0,2021-11-05
51,,142.0,2021-05-19
17,48.0,,2020-07-06
142,19.0,,2021-04-14
92,19.0,,2021-12-26
134,42.0,,2020-09-26
36,,108.0,2020-09-26
9,13.0,,2021-11-07
93,,81.0,2021-01-18
90,50.0,,2021-10-17
44,,105.0,2021-06-09
50,,87.0,2021-07-15
133,,130.0,2021-07-28
8,,153.0,2021-11-06
49,,97.0,2021-05-04
106,,87.0,2021-12-29
45,,153.0,2020-09-22
16,,48.0,2021-10-22
34,80.0,,2021-03-18
36,,116.0,2021-11-01
26,,32.0,2020-11-29
119,,70.0,2021-11-17
33,,105.0,2021-11-26
7,5.0,,2021-12-21
46,20.0,,2021-03-11
21,13.0,,2021-11-16
24,,157.0,2021-12-09
142,,147.0,2021-12-16
92,,154.0,2020-07-21
66,,121.0,2021-08-12
90,,137.0,2021-11-14
14,,123.0,2021-04-07
22,,60.0,2021-11-27
36,,7.0,2021-11-09
106,,151.0,2021-06-20
73,,116.0,2021-11-28
28,64.0,,2021-04-11
115,,91.0,2021-07-03
22,,139.0,2021-12-17
65,,80.0,2021-12-26
4,,128.0,2021-08-14
6,13.0,,2020-11-01
75,,145.0,2021-12-11
122,,90.0,2021-08-20
24,43.0,,2021-06-25
52,,120.0,2020-11-07
32,,123.0,2021-11-20
69,83.0,,2021-07-10
36,,27.0,2021-07-08
65,,80.0,2021-10-18
4,82.0,,2020-12-15
72,,46.0,2021-07-18
62,5.0,,2021-08-10
50,80.0,,2021-05-07
62,,15.0,2021-08-12
70,,6.0,2021-03-14
72,101.0,,2021-12-04
115,,38.0,2020-10-05
36,,114.0,2021-10-05
44,,112.0,2021-08-18
49,,113.0,2020-10-02
92,,144.0,2021-12-15
30,,133.0,2021-06-21
16,,157.0,2021-06-19
30,,113.0,2021-10-07
142,,140.0,2020-12-26
30,,105.0,2021-10-21
54,,129.0,2021-12-11
17,83.0,,2020-09-28
93,36.0,,2020-12-12
74,,134.0,2021-08-20
134,21.0,,2021-11-03
58,,35.0,2021-09-05
141,85.0,,2021-01-31
82,,105.0,2021-07-04
10,,131.0,2021-07-13
48,5.0,,2021-01-02
31,34.0,,2021-12-09
20,81.0,,2021-10-24
23,,3.0,2021-06-09
42,31.0,,2021-04-04
12,5.0,,2021-09-10
23,,120.0,2021-08-26
23,,108.0,2021-07-08
42,66.0,,2020-11-28
39,66.0,,2021-12-14
66,,122.0,2021-11-02
43,85.0,,2021-10-31
16,,123.0,2021-12-25
31,75.0,,2021-01-11
97,,149.0,2021-09-18
73,48.0,,2021-08-18
69,,96.0,2021-07-25
60,,149.0,2020-12-03
12,,148.0,2021-04-24
133,,76.0,2021-09-08
56,,134.0,2021-12-21
97,,103.0,2021-05-10
4,83.0,,2020-08-24
75,,85.0,2021-12-15
9,20.0,,2021-11-02
39,,142.0,2021-12-26
24,14.0,,2021-08-02
39,83.0,,2021-06-12
73,,35.0,2021-09-11
14,,116.0,2021-08-06
31,,148.0,2020-10-05
67,,143.0,2021-11-02
15,,95.0,2021-02-22
7,,146.0,2021-11-19
19,70.0,,2020-07-01
72,5.0,,2020-08-28
69,,136.0,2021-09-05
21,,78.0,2021-09-29
133,,82.0,2021-09-03
31,73.0,,2021-09-23
8,,70.0,2021-11-03
119,,81.0,2020-12-31
49,,73.0,2021-12-02
106,,60.0,2021-06-18
37,,122.0,2020-12-23
24,,91.0,2021-06-19
37,,137.0,2021-02-15
106,,156.0,2021-07-13
77,38.0,,2021-02-24
90,,17.0,2021-10-19
68,,56.0,2021-11-22
92,,105.0,2021-12-10
67,,32.0,2021-10-08
36,45.0,,2020-11-28
59,,90.0,2020-11-07
119,,88.0,2021-08-17
115,96.0,,2020-08-23
54,,123.0,2021-12-27
40,70.0,,2021-10-09
130,60.0,,2021-12-18
41,,111.0,2020-10-10
77,,2.0,2021-07-05
31,,102.0,2021-12-25
32,42.0,,2021-05-09
49,,110.0,2021-10-11
26,,91.0,2021-11-06
62,,29.0,2021-07-02
61,,126.0,2021-10-29
50,,104.0,2021-07-27
90,,34.0,2021-09-13
123,,102.0,2021-12-11
24,,131.0,2021-01-05
106,,157.0,2021-07-09
6,,147.0,2021-02-17
46,95.0,,2021-07-08
11,5.0,,2021-02-07
1,,156.0,2021-06-23
90,38.0,,2020-11-21
7,65.0,,2021-12-14
17,,99.0,2020-08-22
45,,76.0,2021-07-31
90,,111.0,2021-09-21
92,,84.0,2021-12-09
64,59.0,,2021-05-22
75,,84.0,2021-12-16
108,,84.0,2021-05-11
133,8.0,,2021-07-20
71,82.0,,2021-06-29
133,,140.0,2021-09-20
54,74.0,,2021-10-12
39,,37.0,2021-04-08
97,41.0,,2021-07-01
33,82.0,,2021-11-19
15,,2.0,2021-08-30
21,,61.0,2021-05-31
2,50.0,,2021-12-29
16,,103.0,2020-10-07
22,,145.0,2021-11-30
12,,89.0,2021-10-10
51,,100.0,2021-07-18
40,,74.0,2021-10-20
1,7.0,,2021-09-22
2,,75.0,2020-11-26
4,48.0,,2020-08-08
142,,105.0,2021-10-27
12,,75.0,2021-02-14
41,65.0,,2020-12-31
105,81.0,,2021-12-19
46,,75.0,2021-12-14
119,,146.0,2021-04-16
26,,147.0,2021-11-16
6,,156.0,2021-10-15
4,39.0,,2021-08-23
12,,119.0,2021-04-06
16,,143.0,2020-11-29
130,74.0,,2021-10-13
64,,155.0,2021-11-25
72,72.0,,2021-12-02
15,,139.0,2020-09-19
72,20.0,,2021-04-06
55,,27.0,2021-10-03
32,,156.0,2021-11-22
28,90.0,,2021-09-11
28,38.0,,2021-09-04
92,99.0,,2021-08-05
56,82.0,,2021-07-17
44,,154.0,2021-09-30
65,5.0,,2021-09-14
15,,96.0,2021-08-20
80,72.0,,2021-12-25
43,36.0,,2021-05-21
35,75.0,,2021-11-07
60,66.0,,2020-10-24
22,,69.0,2021-09-15
141,65.0,,2020-11-28
108,75.0,,2021-10-27
36,,150.0,2021-11-17
70,,135.0,2021-10-27
36,5.0,,2020-12-27
90,,112.0,2021-09-15
23,,109.0,2021-08-19
21,97.0,,2020-10-30
115,9.0,,2021-12-04
57,,110.0,2020-07-15
46,82.0,,2020-11-20
7,,5.0,2021-11-01
23,,109.0,2021-01-27
47,82.0,,2021-05-02
60,,143.0,2021-08-27
31,,124.0,2021-12-17
90,,140.0,2021-09-05
43,,88.0,2021-12-08
92,17.0,,2021-04-18
5,44.0,,2021-04-19
14,,151.0,2021-11-26
105,1.0,,2021-05-08
72,,71.0,2020-07-30
60,65.0,,2021-06-20
41,2.0,,2021-12-14
119,,71.0,2021-12-17
130,83.0,,2021-07-04
61,,90.0,2021-12-13
67,100.0,,2021-10-13
141,,118.0,2021-02-22
33,,101.0,2020-07-23
8,,86.0,2021-11-03
23,1.0,,2021-02-28
16,83.0,,2021-10-14
68,88.0,,2021-06-07
14,,108.0,2021-12-03
26,,40.0,2020-08-10
90,,95.0,2020-12-12
18,,145.0,2021-10-05
82,99.0,,2021-08-30
67,,44.0,2021-09-30
41,,116.0,2021-09-23
31,31.0,,2020-11-13
75,83.0,,2021-12-11
44,,86.0,2021-10-01
7,13.0,,2021-08-06
59,,92.0,2020-09-16
25,,153.0,2021-11-20
26,,105.0,2021-02-07
23,,146.0,2021-05-20
46,75.0,,2021-07-09
43,,116.0,2021-10-30
45,,92.0,2020-05-16
