id,id_subscripcion,fecha
6368,1.0,2021-06-08
6369,1.0,2021-07-08
6370,1.0,2021-08-08
6371,1.0,2021-09-08
6372,2.0,2020-09-27
6373,2.0,2020-10-27
6374,2.0,2020-11-27
6375,2.0,2020-12-27
6376,2.0,2021-01-27
6377,2.0,2021-02-27
6378,2.0,2021-03-27
6379,2.0,2021-04-27
6380,2.0,2021-05-27
6381,2.0,2021-06-27
6382,2.0,2021-07-27
6383,2.0,2021-08-27
6384,2.0,2021-09-27
6385,2.0,2021-10-27
6386,2.0,2021-11-27
6387,2.0,2021-12-27
6388,3.0,2020-09-21
6389,3.0,2020-10-21
6390,3.0,2020-11-21
6391,3.0,2020-12-21
6392,3.0,2021-01-21
6393,3.0,2021-02-21
6394,3.0,2021-03-21
6395,3.0,2021-04-21
6396,3.0,2021-05-21
6397,3.0,2021-06-21
6398,3.0,2021-07-21
6399,3.0,2021-08-21
6400,3.0,2021-09-21
6401,3.0,2021-10-21
6402,3.0,2021-11-21
6403,3.0,2021-12-21
6404,4.0,2021-04-19
6405,4.0,2021-05-19
6406,4.0,2021-06-19
6407,4.0,2021-07-19
6408,4.0,2021-08-19
6409,4.0,2021-09-19
6410,4.0,2021-10-19
6411,4.0,2021-11-19
6412,4.0,2021-12-19
6413,5.0,2020-11-01
6414,5.0,2020-12-01
6415,5.0,2021-01-01
6416,5.0,2021-02-01
6417,5.0,2021-03-01
6418,5.0,2021-04-01
6419,5.0,2021-05-01
6420,5.0,2021-06-01
6421,5.0,2021-07-01
6422,5.0,2021-08-01
6423,5.0,2021-09-01
6424,5.0,2021-10-01
6425,5.0,2021-11-01
6426,5.0,2021-12-01
6427,6.0,2020-10-13
6428,6.0,2020-11-13
6429,6.0,2020-12-13
6430,6.0,2021-01-13
6431,6.0,2021-02-13
6432,6.0,2021-03-13
6433,6.0,2021-04-13
6434,6.0,2021-05-13
6435,6.0,2021-06-13
6436,6.0,2021-07-13
6437,6.0,2021-08-13
6438,6.0,2021-09-13
6439,6.0,2021-10-13
6440,6.0,2021-11-13
6441,6.0,2021-12-13
6442,7.0,2020-06-10
6443,7.0,2020-07-10
6444,7.0,2020-08-10
6445,7.0,2020-09-10
6446,7.0,2020-10-10
6447,7.0,2020-11-10
6448,7.0,2020-12-10
6449,7.0,2021-01-10
6450,7.0,2021-02-10
6451,7.0,2021-03-10
6452,7.0,2021-04-10
6453,7.0,2021-05-10
6454,7.0,2021-06-10
6455,7.0,2021-07-10
6456,8.0,2020-05-06
6457,8.0,2020-06-06
6458,8.0,2020-07-06
6459,8.0,2020-08-06
6460,8.0,2020-09-06
6461,8.0,2020-10-06
6462,8.0,2020-11-06
6463,8.0,2020-12-06
6464,8.0,2021-01-06
6465,8.0,2021-02-06
6466,8.0,2021-03-06
6467,8.0,2021-04-06
6468,9.0,2021-01-30
6469,9.0,2021-02-28
6470,9.0,2021-03-28
6471,9.0,2021-04-28
6472,10.0,2021-01-04
6473,10.0,2021-02-04
6474,10.0,2021-03-04
6475,10.0,2021-04-04
6476,10.0,2021-05-04
6477,10.0,2021-06-04
6478,10.0,2021-07-04
6479,10.0,2021-08-04
6480,10.0,2021-09-04
6481,10.0,2021-10-04
6482,10.0,2021-11-04
6483,10.0,2021-12-04
6484,11.0,2020-10-02
6485,11.0,2020-11-02
6486,11.0,2020-12-02
6487,11.0,2021-01-02
6488,11.0,2021-02-02
6489,11.0,2021-03-02
6490,11.0,2021-04-02
6491,11.0,2021-05-02
6492,11.0,2021-06-02
6493,11.0,2021-07-02
6494,11.0,2021-08-02
6495,11.0,2021-09-02
6496,11.0,2021-10-02
6497,11.0,2021-11-02
6498,11.0,2021-12-02
6499,12.0,2021-06-20
6500,12.0,2021-07-20
6501,12.0,2021-08-20
6502,12.0,2021-09-20
6503,12.0,2021-10-20
6504,12.0,2021-11-20
6505,12.0,2021-12-20
6506,13.0,2020-08-18
6507,13.0,2020-09-18
6508,13.0,2020-10-18
6509,13.0,2020-11-18
6510,13.0,2020-12-18
6511,13.0,2021-01-18
6512,13.0,2021-02-18
6513,13.0,2021-03-18
6514,13.0,2021-04-18
6515,13.0,2021-05-18
6516,13.0,2021-06-18
6517,13.0,2021-07-18
6518,14.0,2021-05-21
6519,14.0,2021-06-21
6520,14.0,2021-07-21
6521,14.0,2021-08-21
6522,14.0,2021-09-21
6523,14.0,2021-10-21
6524,14.0,2021-11-21
6525,14.0,2021-12-21
6526,15.0,2020-05-05
6527,15.0,2020-06-05
6528,15.0,2020-07-05
6529,15.0,2020-08-05
6530,15.0,2020-09-05
6531,15.0,2020-10-05
6532,15.0,2020-11-05
6533,15.0,2020-12-05
6534,15.0,2021-01-05
6535,16.0,2021-08-30
6536,16.0,2021-09-30
6537,17.0,2020-09-15
6538,17.0,2020-10-15
6539,17.0,2020-11-15
6540,17.0,2020-12-15
6541,17.0,2021-01-15
6542,17.0,2021-02-15
6543,17.0,2021-03-15
6544,17.0,2021-04-15
6545,17.0,2021-05-15
6546,17.0,2021-06-15
6547,17.0,2021-07-15
6548,17.0,2021-08-15
6549,17.0,2021-09-15
6550,17.0,2021-10-15
6551,17.0,2021-11-15
6552,17.0,2021-12-15
6553,18.0,2021-07-02
6554,18.0,2021-08-02
6555,18.0,2021-09-02
6556,18.0,2021-10-02
6557,19.0,2021-10-26
6558,19.0,2021-11-26
6559,19.0,2021-12-26
6560,20.0,2020-08-26
6561,20.0,2020-09-26
6562,20.0,2020-10-26
6563,20.0,2020-11-26
6564,20.0,2020-12-26
6565,20.0,2021-01-26
6566,20.0,2021-02-26
6567,20.0,2021-03-26
6568,20.0,2021-04-26
6569,20.0,2021-05-26
6570,20.0,2021-06-26
6571,21.0,2021-05-25
6572,21.0,2021-06-25
6573,21.0,2021-07-25
6574,21.0,2021-08-25
6575,21.0,2021-09-25
6576,21.0,2021-10-25
6577,21.0,2021-11-25
6578,21.0,2021-12-25
6579,22.0,2021-06-07
6580,22.0,2021-07-07
6581,22.0,2021-08-07
6582,22.0,2021-09-07
6583,22.0,2021-10-07
6584,22.0,2021-11-07
6585,22.0,2021-12-07
6586,23.0,2020-09-29
6587,23.0,2020-10-29
6588,23.0,2020-11-29
6589,23.0,2020-12-29
6590,23.0,2021-01-29
6591,23.0,2021-02-28
6592,23.0,2021-03-28
6593,23.0,2021-04-28
6594,23.0,2021-05-28
6595,23.0,2021-06-28
6596,23.0,2021-07-28
6597,23.0,2021-08-28
6598,23.0,2021-09-28
6599,23.0,2021-10-28
6600,23.0,2021-11-28
6601,23.0,2021-12-28
6602,24.0,2021-05-06
6603,24.0,2021-06-06
6604,24.0,2021-07-06
6605,24.0,2021-08-06
6606,24.0,2021-09-06
6607,24.0,2021-10-06
6608,24.0,2021-11-06
6609,25.0,2020-12-28
6610,25.0,2021-01-28
6611,25.0,2021-02-28
6612,25.0,2021-03-28
6613,25.0,2021-04-28
6614,25.0,2021-05-28
6615,25.0,2021-06-28
6616,25.0,2021-07-28
6617,25.0,2021-08-28
6618,25.0,2021-09-28
6619,25.0,2021-10-28
6620,25.0,2021-11-28
6621,25.0,2021-12-28
6622,26.0,2020-05-22
6623,26.0,2020-06-22
6624,26.0,2020-07-22
6625,26.0,2020-08-22
6626,26.0,2020-09-22
6627,26.0,2020-10-22
6628,26.0,2020-11-22
6629,26.0,2020-12-22
6630,26.0,2021-01-22
6631,26.0,2021-02-22
6632,26.0,2021-03-22
6633,26.0,2021-04-22
6634,26.0,2021-05-22
6635,26.0,2021-06-22
6636,26.0,2021-07-22
6637,26.0,2021-08-22
6638,26.0,2021-09-22
6639,26.0,2021-10-22
6640,26.0,2021-11-22
6641,26.0,2021-12-22
6642,27.0,2021-10-30
6643,27.0,2021-11-30
6644,28.0,2020-05-25
6645,28.0,2020-06-25
6646,28.0,2020-07-25
6647,28.0,2020-08-25
6648,28.0,2020-09-25
6649,28.0,2020-10-25
6650,28.0,2020-11-25
6651,28.0,2020-12-25
6652,28.0,2021-01-25
6653,28.0,2021-02-25
6654,28.0,2021-03-25
6655,28.0,2021-04-25
6656,28.0,2021-05-25
6657,28.0,2021-06-25
6658,28.0,2021-07-25
6659,28.0,2021-08-25
6660,28.0,2021-09-25
6661,28.0,2021-10-25
6662,28.0,2021-11-25
6663,28.0,2021-12-25
6664,29.0,2021-04-17
6665,29.0,2021-05-17
6666,29.0,2021-06-17
6667,29.0,2021-07-17
6668,29.0,2021-08-17
6669,29.0,2021-09-17
6670,29.0,2021-10-17
6671,29.0,2021-11-17
6672,29.0,2021-12-17
6673,30.0,2021-06-06
6674,31.0,2021-09-30
6675,31.0,2021-10-30
6676,31.0,2021-11-30
6677,31.0,2021-12-30
6678,32.0,2021-04-25
6679,32.0,2021-05-25
6680,32.0,2021-06-25
6681,32.0,2021-07-25
6682,32.0,2021-08-25
6683,32.0,2021-09-25
6684,32.0,2021-10-25
6685,32.0,2021-11-25
6686,32.0,2021-12-25
6687,33.0,2020-12-21
6688,33.0,2021-01-21
6689,33.0,2021-02-21
6690,33.0,2021-03-21
6691,33.0,2021-04-21
6692,33.0,2021-05-21
6693,33.0,2021-06-21
6694,33.0,2021-07-21
6695,33.0,2021-08-21
6696,33.0,2021-09-21
6697,33.0,2021-10-21
6698,34.0,2020-08-08
6699,34.0,2020-09-08
6700,34.0,2020-10-08
6701,34.0,2020-11-08
6702,34.0,2020-12-08
6703,34.0,2021-01-08
6704,34.0,2021-02-08
6705,34.0,2021-03-08
6706,34.0,2021-04-08
6707,34.0,2021-05-08
6708,34.0,2021-06-08
6709,34.0,2021-07-08
6710,34.0,2021-08-08
6711,34.0,2021-09-08
6712,34.0,2021-10-08
6713,35.0,2020-09-15
6714,35.0,2020-10-15
6715,35.0,2020-11-15
6716,35.0,2020-12-15
6717,35.0,2021-01-15
6718,35.0,2021-02-15
6719,35.0,2021-03-15
6720,35.0,2021-04-15
6721,35.0,2021-05-15
6722,35.0,2021-06-15
6723,36.0,2020-09-11
6724,36.0,2020-10-11
6725,36.0,2020-11-11
6726,36.0,2020-12-11
6727,36.0,2021-01-11
6728,36.0,2021-02-11
6729,36.0,2021-03-11
6730,36.0,2021-04-11
6731,36.0,2021-05-11
6732,36.0,2021-06-11
6733,36.0,2021-07-11
6734,36.0,2021-08-11
6735,36.0,2021-09-11
6736,36.0,2021-10-11
6737,36.0,2021-11-11
6738,36.0,2021-12-11
6739,37.0,2020-11-09
6740,37.0,2020-12-09
6741,37.0,2021-01-09
6742,37.0,2021-02-09
6743,37.0,2021-03-09
6744,37.0,2021-04-09
6745,37.0,2021-05-09
6746,37.0,2021-06-09
6747,37.0,2021-07-09
6748,37.0,2021-08-09
6749,37.0,2021-09-09
6750,38.0,2021-03-22
6751,38.0,2021-04-22
6752,38.0,2021-05-22
6753,38.0,2021-06-22
6754,38.0,2021-07-22
6755,38.0,2021-08-22
6756,38.0,2021-09-22
6757,38.0,2021-10-22
6758,38.0,2021-11-22
6759,38.0,2021-12-22
6760,39.0,2021-01-05
6761,39.0,2021-02-05
6762,39.0,2021-03-05
6763,39.0,2021-04-05
6764,39.0,2021-05-05
6765,39.0,2021-06-05
6766,39.0,2021-07-05
6767,39.0,2021-08-05
6768,39.0,2021-09-05
6769,40.0,2021-06-17
6770,40.0,2021-07-17
6771,40.0,2021-08-17
6772,40.0,2021-09-17
6773,40.0,2021-10-17
6774,40.0,2021-11-17
6775,41.0,2020-11-13
6776,41.0,2020-12-13
6777,41.0,2021-01-13
6778,41.0,2021-02-13
6779,41.0,2021-03-13
6780,41.0,2021-04-13
6781,41.0,2021-05-13
6782,41.0,2021-06-13
6783,41.0,2021-07-13
6784,41.0,2021-08-13
6785,41.0,2021-09-13
6786,41.0,2021-10-13
6787,41.0,2021-11-13
6788,41.0,2021-12-13
6789,42.0,2020-05-22
6790,42.0,2020-06-22
6791,42.0,2020-07-22
6792,42.0,2020-08-22
6793,42.0,2020-09-22
6794,42.0,2020-10-22
6795,42.0,2020-11-22
6796,42.0,2020-12-22
6797,42.0,2021-01-22
6798,42.0,2021-02-22
6799,42.0,2021-03-22
6800,42.0,2021-04-22
6801,42.0,2021-05-22
6802,42.0,2021-06-22
6803,42.0,2021-07-22
6804,42.0,2021-08-22
6805,42.0,2021-09-22
6806,42.0,2021-10-22
6807,42.0,2021-11-22
6808,42.0,2021-12-22
6809,43.0,2021-02-14
6810,43.0,2021-03-14
6811,43.0,2021-04-14
6812,43.0,2021-05-14
6813,43.0,2021-06-14
6814,43.0,2021-07-14
6815,43.0,2021-08-14
6816,43.0,2021-09-14
6817,43.0,2021-10-14
6818,43.0,2021-11-14
6819,43.0,2021-12-14
6820,44.0,2021-01-05
6821,44.0,2021-02-05
6822,44.0,2021-03-05
6823,44.0,2021-04-05
6824,44.0,2021-05-05
6825,44.0,2021-06-05
6826,44.0,2021-07-05
6827,44.0,2021-08-05
6828,44.0,2021-09-05
6829,44.0,2021-10-05
6830,44.0,2021-11-05
6831,44.0,2021-12-05
6832,45.0,2021-09-11
6833,45.0,2021-10-11
6834,45.0,2021-11-11
6835,45.0,2021-12-11
6836,46.0,2020-06-29
6837,46.0,2020-07-29
6838,46.0,2020-08-29
6839,46.0,2020-09-29
6840,46.0,2020-10-29
6841,46.0,2020-11-29
6842,46.0,2020-12-29
6843,46.0,2021-01-29
6844,46.0,2021-02-28
6845,46.0,2021-03-28
6846,46.0,2021-04-28
6847,46.0,2021-05-28
6848,46.0,2021-06-28
6849,46.0,2021-07-28
6850,46.0,2021-08-28
6851,46.0,2021-09-28
6852,46.0,2021-10-28
6853,46.0,2021-11-28
6854,46.0,2021-12-28
6855,47.0,2021-03-03
6856,47.0,2021-04-03
6857,47.0,2021-05-03
6858,47.0,2021-06-03
6859,47.0,2021-07-03
6860,47.0,2021-08-03
6861,47.0,2021-09-03
6862,47.0,2021-10-03
6863,47.0,2021-11-03
6864,47.0,2021-12-03
6865,48.0,2020-08-28
6866,48.0,2020-09-28
6867,48.0,2020-10-28
6868,48.0,2020-11-28
6869,48.0,2020-12-28
6870,48.0,2021-01-28
6871,49.0,2021-08-11
6872,49.0,2021-09-11
6873,49.0,2021-10-11
6874,49.0,2021-11-11
6875,49.0,2021-12-11
6876,50.0,2021-04-09
6877,50.0,2021-05-09
6878,50.0,2021-06-09
6879,50.0,2021-07-09
6880,50.0,2021-08-09
6881,50.0,2021-09-09
6882,50.0,2021-10-09
6883,50.0,2021-11-09
6884,50.0,2021-12-09
6885,51.0,2020-08-11
6886,51.0,2020-09-11
6887,51.0,2020-10-11
6888,51.0,2020-11-11
6889,51.0,2020-12-11
6890,51.0,2021-01-11
6891,51.0,2021-02-11
6892,51.0,2021-03-11
6893,51.0,2021-04-11
6894,51.0,2021-05-11
6895,51.0,2021-06-11
6896,51.0,2021-07-11
6897,51.0,2021-08-11
6898,51.0,2021-09-11
6899,51.0,2021-10-11
6900,51.0,2021-11-11
6901,51.0,2021-12-11
6902,52.0,2021-05-05
6903,52.0,2021-06-05
6904,52.0,2021-07-05
6905,52.0,2021-08-05
6906,52.0,2021-09-05
6907,52.0,2021-10-05
6908,52.0,2021-11-05
6909,52.0,2021-12-05
6910,53.0,2020-08-24
6911,53.0,2020-09-24
6912,53.0,2020-10-24
6913,53.0,2020-11-24
6914,53.0,2020-12-24
6915,53.0,2021-01-24
6916,53.0,2021-02-24
6917,53.0,2021-03-24
6918,53.0,2021-04-24
6919,53.0,2021-05-24
6920,53.0,2021-06-24
6921,53.0,2021-07-24
6922,53.0,2021-08-24
6923,53.0,2021-09-24
6924,53.0,2021-10-24
6925,53.0,2021-11-24
6926,53.0,2021-12-24
6927,54.0,2021-06-25
6928,54.0,2021-07-25
6929,54.0,2021-08-25
6930,54.0,2021-09-25
6931,54.0,2021-10-25
6932,54.0,2021-11-25
6933,54.0,2021-12-25
6934,55.0,2021-01-30
6935,55.0,2021-02-28
6936,55.0,2021-03-28
6937,55.0,2021-04-28
6938,55.0,2021-05-28
6939,55.0,2021-06-28
6940,55.0,2021-07-28
6941,55.0,2021-08-28
6942,55.0,2021-09-28
6943,55.0,2021-10-28
6944,55.0,2021-11-28
6945,55.0,2021-12-28
6946,56.0,2021-09-18
6947,56.0,2021-10-18
6948,56.0,2021-11-18
6949,56.0,2021-12-18
6950,57.0,2021-03-28
6951,57.0,2021-04-28
6952,57.0,2021-05-28
6953,57.0,2021-06-28
6954,57.0,2021-07-28
6955,57.0,2021-08-28
6956,57.0,2021-09-28
6957,57.0,2021-10-28
6958,57.0,2021-11-28
6959,57.0,2021-12-28
6960,58.0,2021-08-14
6961,58.0,2021-09-14
6962,58.0,2021-10-14
6963,59.0,2020-07-22
6964,59.0,2020-08-22
6965,59.0,2020-09-22
6966,59.0,2020-10-22
6967,59.0,2020-11-22
6968,59.0,2020-12-22
6969,59.0,2021-01-22
6970,60.0,2020-10-29
6971,60.0,2020-11-29
6972,60.0,2020-12-29
6973,60.0,2021-01-29
6974,60.0,2021-02-28
6975,60.0,2021-03-28
6976,60.0,2021-04-28
6977,60.0,2021-05-28
6978,60.0,2021-06-28
6979,60.0,2021-07-28
6980,60.0,2021-08-28
6981,60.0,2021-09-28
6982,61.0,2021-07-12
6983,61.0,2021-08-12
6984,61.0,2021-09-12
6985,62.0,2020-08-17
6986,62.0,2020-09-17
6987,62.0,2020-10-17
6988,62.0,2020-11-17
6989,62.0,2020-12-17
6990,62.0,2021-01-17
6991,62.0,2021-02-17
6992,62.0,2021-03-17
6993,62.0,2021-04-17
6994,62.0,2021-05-17
6995,63.0,2020-12-20
6996,63.0,2021-01-20
6997,63.0,2021-02-20
6998,63.0,2021-03-20
6999,63.0,2021-04-20
7000,63.0,2021-05-20
7001,63.0,2021-06-20
7002,63.0,2021-07-20
7003,63.0,2021-08-20
7004,63.0,2021-09-20
7005,63.0,2021-10-20
7006,63.0,2021-11-20
7007,63.0,2021-12-20
7008,64.0,2020-11-25
7009,64.0,2020-12-25
7010,64.0,2021-01-25
7011,64.0,2021-02-25
7012,64.0,2021-03-25
7013,64.0,2021-04-25
7014,64.0,2021-05-25
7015,64.0,2021-06-25
7016,64.0,2021-07-25
7017,64.0,2021-08-25
7018,64.0,2021-09-25
7019,64.0,2021-10-25
7020,64.0,2021-11-25
7021,64.0,2021-12-25
7022,65.0,2020-08-15
7023,65.0,2020-09-15
7024,65.0,2020-10-15
7025,65.0,2020-11-15
7026,65.0,2020-12-15
7027,65.0,2021-01-15
7028,65.0,2021-02-15
7029,65.0,2021-03-15
7030,65.0,2021-04-15
7031,65.0,2021-05-15
7032,65.0,2021-06-15
7033,65.0,2021-07-15
7034,65.0,2021-08-15
7035,65.0,2021-09-15
7036,65.0,2021-10-15
7037,65.0,2021-11-15
7038,65.0,2021-12-15
7039,66.0,2021-07-30
7040,66.0,2021-08-30
7041,66.0,2021-09-30
7042,66.0,2021-10-30
7043,66.0,2021-11-30
7044,66.0,2021-12-30
7045,67.0,2021-07-18
7046,67.0,2021-08-18
7047,67.0,2021-09-18
7048,67.0,2021-10-18
7049,67.0,2021-11-18
7050,67.0,2021-12-18
7051,68.0,2021-05-12
7052,68.0,2021-06-12
7053,68.0,2021-07-12
7054,68.0,2021-08-12
7055,68.0,2021-09-12
7056,68.0,2021-10-12
7057,68.0,2021-11-12
7058,68.0,2021-12-12
7059,69.0,2020-05-18
7060,69.0,2020-06-18
7061,69.0,2020-07-18
7062,69.0,2020-08-18
7063,69.0,2020-09-18
7064,69.0,2020-10-18
7065,69.0,2020-11-18
7066,69.0,2020-12-18
7067,69.0,2021-01-18
7068,69.0,2021-02-18
7069,69.0,2021-03-18
7070,69.0,2021-04-18
7071,69.0,2021-05-18
7072,69.0,2021-06-18
7073,69.0,2021-07-18
7074,69.0,2021-08-18
7075,69.0,2021-09-18
7076,69.0,2021-10-18
7077,69.0,2021-11-18
7078,69.0,2021-12-18
7079,70.0,2021-09-26
7080,70.0,2021-10-26
7081,70.0,2021-11-26
7082,70.0,2021-12-26
7083,71.0,2021-05-22
7084,71.0,2021-06-22
7085,71.0,2021-07-22
7086,71.0,2021-08-22
7087,71.0,2021-09-22
7088,71.0,2021-10-22
7089,71.0,2021-11-22
7090,71.0,2021-12-22
7091,72.0,2021-12-04
7092,73.0,2021-04-08
7093,73.0,2021-05-08
7094,73.0,2021-06-08
7095,73.0,2021-07-08
7096,73.0,2021-08-08
7097,73.0,2021-09-08
7098,73.0,2021-10-08
7099,73.0,2021-11-08
7100,73.0,2021-12-08
7101,74.0,2021-09-18
7102,74.0,2021-10-18
7103,74.0,2021-11-18
7104,74.0,2021-12-18
7105,75.0,2021-07-16
7106,75.0,2021-08-16
7107,75.0,2021-09-16
7108,75.0,2021-10-16
7109,75.0,2021-11-16
7110,75.0,2021-12-16
7111,76.0,2021-03-23
7112,76.0,2021-04-23
7113,76.0,2021-05-23
7114,76.0,2021-06-23
7115,76.0,2021-07-23
7116,76.0,2021-08-23
7117,76.0,2021-09-23
7118,76.0,2021-10-23
7119,76.0,2021-11-23
7120,76.0,2021-12-23
7121,77.0,2020-06-05
7122,77.0,2020-07-05
7123,77.0,2020-08-05
7124,77.0,2020-09-05
7125,77.0,2020-10-05
7126,77.0,2020-11-05
7127,78.0,2021-03-09
7128,78.0,2021-04-09
7129,78.0,2021-05-09
7130,78.0,2021-06-09
7131,78.0,2021-07-09
7132,78.0,2021-08-09
7133,78.0,2021-09-09
7134,78.0,2021-10-09
7135,78.0,2021-11-09
7136,78.0,2021-12-09
7137,79.0,2020-11-21
7138,79.0,2020-12-21
7139,79.0,2021-01-21
7140,79.0,2021-02-21
7141,79.0,2021-03-21
7142,79.0,2021-04-21
7143,79.0,2021-05-21
7144,79.0,2021-06-21
7145,79.0,2021-07-21
7146,79.0,2021-08-21
7147,79.0,2021-09-21
7148,79.0,2021-10-21
7149,79.0,2021-11-21
7150,79.0,2021-12-21
7151,80.0,2021-08-27
7152,80.0,2021-09-27
7153,80.0,2021-10-27
7154,80.0,2021-11-27
7155,80.0,2021-12-27
7156,81.0,2021-08-26
7157,81.0,2021-09-26
7158,81.0,2021-10-26
7159,81.0,2021-11-26
7160,81.0,2021-12-26
7161,82.0,2020-07-27
7162,82.0,2020-08-27
7163,82.0,2020-09-27
7164,82.0,2020-10-27
7165,82.0,2020-11-27
7166,82.0,2020-12-27
7167,82.0,2021-01-27
7168,82.0,2021-02-27
7169,82.0,2021-03-27
7170,82.0,2021-04-27
7171,82.0,2021-05-27
7172,82.0,2021-06-27
7173,82.0,2021-07-27
7174,83.0,2021-09-20
7175,83.0,2021-10-20
7176,84.0,2021-07-30
7177,84.0,2021-08-30
7178,84.0,2021-09-30
7179,84.0,2021-10-30
7180,84.0,2021-11-30
7181,84.0,2021-12-30
7182,85.0,2020-08-13
7183,85.0,2020-09-13
7184,85.0,2020-10-13
7185,85.0,2020-11-13
7186,85.0,2020-12-13
7187,85.0,2021-01-13
7188,85.0,2021-02-13
7189,85.0,2021-03-13
7190,85.0,2021-04-13
7191,85.0,2021-05-13
7192,85.0,2021-06-13
7193,85.0,2021-07-13
7194,85.0,2021-08-13
7195,85.0,2021-09-13
7196,85.0,2021-10-13
7197,85.0,2021-11-13
7198,85.0,2021-12-13
7199,86.0,2021-05-21
7200,86.0,2021-06-21
7201,86.0,2021-07-21
7202,86.0,2021-08-21
7203,86.0,2021-09-21
7204,86.0,2021-10-21
7205,86.0,2021-11-21
7206,86.0,2021-12-21
7207,87.0,2021-10-14
7208,88.0,2020-11-04
7209,88.0,2020-12-04
7210,88.0,2021-01-04
7211,88.0,2021-02-04
7212,88.0,2021-03-04
7213,88.0,2021-04-04
7214,88.0,2021-05-04
7215,88.0,2021-06-04
7216,88.0,2021-07-04
7217,88.0,2021-08-04
7218,88.0,2021-09-04
7219,88.0,2021-10-04
7220,88.0,2021-11-04
7221,88.0,2021-12-04
7222,89.0,2020-05-15
7223,89.0,2020-06-15
7224,89.0,2020-07-15
7225,89.0,2020-08-15
7226,89.0,2020-09-15
7227,89.0,2020-10-15
7228,89.0,2020-11-15
7229,89.0,2020-12-15
7230,89.0,2021-01-15
7231,89.0,2021-02-15
7232,89.0,2021-03-15
7233,89.0,2021-04-15
7234,89.0,2021-05-15
7235,89.0,2021-06-15
7236,89.0,2021-07-15
7237,89.0,2021-08-15
7238,89.0,2021-09-15
7239,89.0,2021-10-15
7240,89.0,2021-11-15
7241,89.0,2021-12-15
7242,90.0,2021-02-15
7243,90.0,2021-03-15
7244,90.0,2021-04-15
7245,90.0,2021-05-15
7246,90.0,2021-06-15
7247,90.0,2021-07-15
7248,90.0,2021-08-15
7249,90.0,2021-09-15
7250,90.0,2021-10-15
7251,90.0,2021-11-15
7252,90.0,2021-12-15
7253,91.0,2021-04-06
7254,91.0,2021-05-06
7255,92.0,2021-12-08
7256,93.0,2020-06-25
7257,93.0,2020-07-25
7258,93.0,2020-08-25
7259,94.0,2020-10-12
7260,94.0,2020-11-12
7261,94.0,2020-12-12
7262,94.0,2021-01-12
7263,94.0,2021-02-12
7264,95.0,2021-05-30
7265,95.0,2021-06-30
7266,95.0,2021-07-30
7267,95.0,2021-08-30
7268,95.0,2021-09-30
7269,95.0,2021-10-30
7270,95.0,2021-11-30
7271,95.0,2021-12-30
7272,96.0,2021-03-05
7273,96.0,2021-04-05
7274,96.0,2021-05-05
7275,97.0,2020-09-09
7276,97.0,2020-10-09
7277,97.0,2020-11-09
7278,97.0,2020-12-09
7279,97.0,2021-01-09
7280,97.0,2021-02-09
7281,97.0,2021-03-09
7282,97.0,2021-04-09
7283,97.0,2021-05-09
7284,97.0,2021-06-09
7285,97.0,2021-07-09
7286,97.0,2021-08-09
7287,97.0,2021-09-09
7288,97.0,2021-10-09
7289,97.0,2021-11-09
7290,97.0,2021-12-09
7291,98.0,2021-05-23
7292,98.0,2021-06-23
7293,98.0,2021-07-23
7294,98.0,2021-08-23
7295,98.0,2021-09-23
7296,98.0,2021-10-23
7297,98.0,2021-11-23
7298,98.0,2021-12-23
7299,99.0,2021-05-28
7300,99.0,2021-06-28
7301,99.0,2021-07-28
7302,99.0,2021-08-28
7303,99.0,2021-09-28
7304,99.0,2021-10-28
7305,99.0,2021-11-28
7306,99.0,2021-12-28
7307,100.0,2021-02-28
7308,100.0,2021-03-28
7309,100.0,2021-04-28
7310,100.0,2021-05-28
7311,100.0,2021-06-28
7312,100.0,2021-07-28
7313,100.0,2021-08-28
7314,100.0,2021-09-28
7315,100.0,2021-10-28
7316,100.0,2021-11-28
7317,100.0,2021-12-28
7318,101.0,2020-05-01
7319,101.0,2020-06-01
7320,101.0,2020-07-01
7321,101.0,2020-08-01
7322,101.0,2020-09-01
7323,101.0,2020-10-01
7324,101.0,2020-11-01
7325,101.0,2020-12-01
7326,101.0,2021-01-01
7327,101.0,2021-02-01
7328,101.0,2021-03-01
7329,101.0,2021-04-01
7330,101.0,2021-05-01
7331,101.0,2021-06-01
7332,101.0,2021-07-01
7333,101.0,2021-08-01
7334,101.0,2021-09-01
7335,101.0,2021-10-01
7336,101.0,2021-11-01
7337,101.0,2021-12-01
7338,102.0,2021-09-28
7339,102.0,2021-10-28
7340,102.0,2021-11-28
7341,102.0,2021-12-28
7342,103.0,2021-10-17
7343,103.0,2021-11-17
7344,103.0,2021-12-17
7345,104.0,2021-09-22
7346,104.0,2021-10-22
7347,104.0,2021-11-22
7348,104.0,2021-12-22
7349,105.0,2021-01-17
7350,105.0,2021-02-17
7351,105.0,2021-03-17
7352,105.0,2021-04-17
7353,105.0,2021-05-17
7354,105.0,2021-06-17
7355,105.0,2021-07-17
7356,105.0,2021-08-17
7357,105.0,2021-09-17
7358,105.0,2021-10-17
7359,105.0,2021-11-17
7360,106.0,2020-08-08
7361,106.0,2020-09-08
7362,106.0,2020-10-08
7363,106.0,2020-11-08
7364,106.0,2020-12-08
7365,106.0,2021-01-08
7366,106.0,2021-02-08
7367,106.0,2021-03-08
7368,106.0,2021-04-08
7369,106.0,2021-05-08
7370,106.0,2021-06-08
7371,106.0,2021-07-08
7372,106.0,2021-08-08
7373,106.0,2021-09-08
7374,106.0,2021-10-08
7375,106.0,2021-11-08
7376,106.0,2021-12-08
7377,107.0,2021-06-15
7378,107.0,2021-07-15
7379,107.0,2021-08-15
7380,107.0,2021-09-15
7381,107.0,2021-10-15
7382,107.0,2021-11-15
7383,107.0,2021-12-15
7384,108.0,2021-11-10
7385,109.0,2021-02-22
7386,109.0,2021-03-22
7387,109.0,2021-04-22
7388,109.0,2021-05-22
7389,109.0,2021-06-22
7390,109.0,2021-07-22
7391,109.0,2021-08-22
7392,109.0,2021-09-22
7393,109.0,2021-10-22
7394,109.0,2021-11-22
7395,110.0,2020-07-21
7396,110.0,2020-08-21
7397,110.0,2020-09-21
7398,110.0,2020-10-21
7399,110.0,2020-11-21
7400,110.0,2020-12-21
7401,110.0,2021-01-21
7402,110.0,2021-02-21
7403,110.0,2021-03-21
7404,110.0,2021-04-21
7405,110.0,2021-05-21
7406,110.0,2021-06-21
7407,110.0,2021-07-21
7408,110.0,2021-08-21
7409,110.0,2021-09-21
7410,110.0,2021-10-21
7411,110.0,2021-11-21
7412,110.0,2021-12-21
7413,111.0,2021-03-13
7414,111.0,2021-04-13
7415,111.0,2021-05-13
7416,111.0,2021-06-13
7417,111.0,2021-07-13
7418,111.0,2021-08-13
7419,112.0,2020-11-07
7420,113.0,2020-08-07
7421,113.0,2020-09-07
7422,113.0,2020-10-07
7423,113.0,2020-11-07
7424,113.0,2020-12-07
7425,113.0,2021-01-07
7426,113.0,2021-02-07
7427,113.0,2021-03-07
7428,113.0,2021-04-07
7429,113.0,2021-05-07
7430,114.0,2021-07-21
7431,114.0,2021-08-21
7432,114.0,2021-09-21
7433,115.0,2020-06-21
7434,115.0,2020-07-21
7435,115.0,2020-08-21
7436,115.0,2020-09-21
7437,115.0,2020-10-21
7438,115.0,2020-11-21
7439,115.0,2020-12-21
7440,115.0,2021-01-21
7441,115.0,2021-02-21
7442,115.0,2021-03-21
7443,115.0,2021-04-21
7444,115.0,2021-05-21
7445,115.0,2021-06-21
7446,115.0,2021-07-21
7447,115.0,2021-08-21
7448,115.0,2021-09-21
7449,115.0,2021-10-21
7450,115.0,2021-11-21
7451,115.0,2021-12-21
7452,116.0,2020-10-17
7453,116.0,2020-11-17
7454,116.0,2020-12-17
7455,116.0,2021-01-17
7456,116.0,2021-02-17
7457,116.0,2021-03-17
7458,116.0,2021-04-17
7459,116.0,2021-05-17
7460,116.0,2021-06-17
7461,116.0,2021-07-17
7462,116.0,2021-08-17
7463,116.0,2021-09-17
7464,116.0,2021-10-17
7465,116.0,2021-11-17
7466,116.0,2021-12-17
7467,117.0,2021-02-27
7468,117.0,2021-03-27
7469,117.0,2021-04-27
7470,117.0,2021-05-27
7471,117.0,2021-06-27
7472,117.0,2021-07-27
7473,117.0,2021-08-27
7474,117.0,2021-09-27
7475,117.0,2021-10-27
7476,117.0,2021-11-27
7477,117.0,2021-12-27
7478,118.0,2020-07-08
7479,118.0,2020-08-08
7480,118.0,2020-09-08
7481,118.0,2020-10-08
7482,118.0,2020-11-08
7483,118.0,2020-12-08
7484,119.0,2021-08-06
7485,119.0,2021-09-06
7486,119.0,2021-10-06
7487,119.0,2021-11-06
7488,119.0,2021-12-06
7489,120.0,2020-07-28
7490,120.0,2020-08-28
7491,120.0,2020-09-28
7492,120.0,2020-10-28
7493,120.0,2020-11-28
7494,120.0,2020-12-28
7495,120.0,2021-01-28
7496,120.0,2021-02-28
7497,120.0,2021-03-28
7498,120.0,2021-04-28
7499,120.0,2021-05-28
7500,120.0,2021-06-28
7501,120.0,2021-07-28
7502,120.0,2021-08-28
7503,120.0,2021-09-28
7504,120.0,2021-10-28
7505,120.0,2021-11-28
7506,120.0,2021-12-28
7507,121.0,2020-12-13
7508,121.0,2021-01-13
7509,121.0,2021-02-13
7510,121.0,2021-03-13
7511,121.0,2021-04-13
7512,121.0,2021-05-13
7513,121.0,2021-06-13
7514,121.0,2021-07-13
7515,121.0,2021-08-13
7516,121.0,2021-09-13
7517,121.0,2021-10-13
7518,121.0,2021-11-13
7519,121.0,2021-12-13
7520,122.0,2021-04-16
7521,122.0,2021-05-16
7522,122.0,2021-06-16
7523,122.0,2021-07-16
7524,122.0,2021-08-16
7525,122.0,2021-09-16
7526,122.0,2021-10-16
7527,122.0,2021-11-16
7528,122.0,2021-12-16
7529,123.0,2021-01-21
7530,123.0,2021-02-21
7531,123.0,2021-03-21
7532,123.0,2021-04-21
7533,123.0,2021-05-21
7534,123.0,2021-06-21
7535,123.0,2021-07-21
7536,123.0,2021-08-21
7537,123.0,2021-09-21
7538,123.0,2021-10-21
7539,123.0,2021-11-21
7540,123.0,2021-12-21
7541,124.0,2020-06-11
7542,124.0,2020-07-11
7543,124.0,2020-08-11
7544,124.0,2020-09-11
7545,124.0,2020-10-11
7546,124.0,2020-11-11
7547,124.0,2020-12-11
7548,124.0,2021-01-11
7549,124.0,2021-02-11
7550,124.0,2021-03-11
7551,124.0,2021-04-11
7552,124.0,2021-05-11
7553,124.0,2021-06-11
7554,124.0,2021-07-11
7555,124.0,2021-08-11
7556,124.0,2021-09-11
7557,124.0,2021-10-11
7558,124.0,2021-11-11
7559,124.0,2021-12-11
7560,125.0,2020-11-03
7561,125.0,2020-12-03
7562,125.0,2021-01-03
7563,125.0,2021-02-03
7564,125.0,2021-03-03
7565,125.0,2021-04-03
7566,125.0,2021-05-03
7567,125.0,2021-06-03
7568,125.0,2021-07-03
7569,125.0,2021-08-03
7570,125.0,2021-09-03
7571,125.0,2021-10-03
7572,125.0,2021-11-03
7573,125.0,2021-12-03
7574,126.0,2021-04-08
7575,126.0,2021-05-08
7576,126.0,2021-06-08
7577,126.0,2021-07-08
7578,126.0,2021-08-08
7579,126.0,2021-09-08
7580,126.0,2021-10-08
7581,126.0,2021-11-08
7582,126.0,2021-12-08
7583,127.0,2021-07-09
7584,127.0,2021-08-09
7585,127.0,2021-09-09
7586,127.0,2021-10-09
7587,127.0,2021-11-09
7588,127.0,2021-12-09
7589,128.0,2021-02-27
7590,128.0,2021-03-27
7591,128.0,2021-04-27
7592,128.0,2021-05-27
7593,128.0,2021-06-27
7594,128.0,2021-07-27
7595,128.0,2021-08-27
7596,128.0,2021-09-27
7597,128.0,2021-10-27
7598,128.0,2021-11-27
7599,128.0,2021-12-27
7600,129.0,2021-08-24
7601,129.0,2021-09-24
7602,129.0,2021-10-24
7603,129.0,2021-11-24
7604,129.0,2021-12-24
7605,130.0,2021-04-01
7606,130.0,2021-05-01
7607,130.0,2021-06-01
7608,130.0,2021-07-01
7609,130.0,2021-08-01
7610,130.0,2021-09-01
7611,130.0,2021-10-01
7612,130.0,2021-11-01
7613,130.0,2021-12-01
7614,131.0,2021-05-19
7615,131.0,2021-06-19
7616,131.0,2021-07-19
7617,131.0,2021-08-19
7618,131.0,2021-09-19
7619,131.0,2021-10-19
7620,131.0,2021-11-19
7621,132.0,2021-09-26
7622,132.0,2021-10-26
7623,132.0,2021-11-26
7624,132.0,2021-12-26
7625,133.0,2021-03-05
7626,133.0,2021-04-05
7627,133.0,2021-05-05
7628,133.0,2021-06-05
7629,133.0,2021-07-05
7630,133.0,2021-08-05
7631,133.0,2021-09-05
7632,133.0,2021-10-05
7633,133.0,2021-11-05
7634,133.0,2021-12-05
7635,134.0,2021-05-01
7636,134.0,2021-06-01
7637,134.0,2021-07-01
7638,134.0,2021-08-01
7639,134.0,2021-09-01
7640,134.0,2021-10-01
7641,134.0,2021-11-01
7642,134.0,2021-12-01
7643,135.0,2020-10-22
7644,135.0,2020-11-22
7645,135.0,2020-12-22
7646,135.0,2021-01-22
7647,135.0,2021-02-22
7648,135.0,2021-03-22
7649,135.0,2021-04-22
7650,135.0,2021-05-22
7651,135.0,2021-06-22
7652,135.0,2021-07-22
7653,135.0,2021-08-22
7654,135.0,2021-09-22
7655,135.0,2021-10-22
7656,135.0,2021-11-22
7657,135.0,2021-12-22
7658,136.0,2021-02-10
7659,136.0,2021-03-10
7660,136.0,2021-04-10
7661,136.0,2021-05-10
7662,136.0,2021-06-10
7663,136.0,2021-07-10
7664,136.0,2021-08-10
7665,136.0,2021-09-10
7666,136.0,2021-10-10
7667,136.0,2021-11-10
7668,136.0,2021-12-10
7669,137.0,2021-08-20
7670,137.0,2021-09-20
7671,137.0,2021-10-20
7672,137.0,2021-11-20
7673,137.0,2021-12-20
7674,138.0,2020-12-16
7675,138.0,2021-01-16
7676,138.0,2021-02-16
7677,138.0,2021-03-16
7678,138.0,2021-04-16
7679,138.0,2021-05-16
7680,138.0,2021-06-16
7681,138.0,2021-07-16
7682,138.0,2021-08-16
7683,138.0,2021-09-16
7684,138.0,2021-10-16
7685,138.0,2021-11-16
7686,138.0,2021-12-16
7687,139.0,2020-06-13
7688,139.0,2020-07-13
7689,139.0,2020-08-13
7690,139.0,2020-09-13
7691,139.0,2020-10-13
7692,139.0,2020-11-13
7693,139.0,2020-12-13
7694,139.0,2021-01-13
7695,139.0,2021-02-13
7696,139.0,2021-03-13
7697,139.0,2021-04-13
7698,139.0,2021-05-13
7699,139.0,2021-06-13
7700,139.0,2021-07-13
7701,139.0,2021-08-13
7702,139.0,2021-09-13
7703,140.0,2021-08-18
7704,140.0,2021-09-18
7705,140.0,2021-10-18
7706,140.0,2021-11-18
7707,140.0,2021-12-18
7708,141.0,2020-07-24
7709,141.0,2020-08-24
7710,141.0,2020-09-24
7711,141.0,2020-10-24
7712,141.0,2020-11-24
7713,141.0,2020-12-24
7714,141.0,2021-01-24
7715,141.0,2021-02-24
7716,141.0,2021-03-24
7717,141.0,2021-04-24
7718,141.0,2021-05-24
7719,141.0,2021-06-24
7720,141.0,2021-07-24
7721,141.0,2021-08-24
7722,141.0,2021-09-24
7723,141.0,2021-10-24
7724,141.0,2021-11-24
7725,141.0,2021-12-24
7726,142.0,2020-05-30
7727,142.0,2020-06-30
7728,142.0,2020-07-30
7729,142.0,2020-08-30
7730,142.0,2020-09-30
7731,142.0,2020-10-30
7732,142.0,2020-11-30
7733,142.0,2020-12-30
7734,142.0,2021-01-30
7735,143.0,2021-07-03
7736,143.0,2021-08-03
7737,143.0,2021-09-03
7738,143.0,2021-10-03
7739,143.0,2021-11-03
7740,143.0,2021-12-03
7741,144.0,2020-06-04
7742,144.0,2020-07-04
7743,144.0,2020-08-04
7744,144.0,2020-09-04
7745,144.0,2020-10-04
7746,144.0,2020-11-04
7747,144.0,2020-12-04
7748,144.0,2021-01-04
7749,144.0,2021-02-04
7750,144.0,2021-03-04
7751,144.0,2021-04-04
7752,144.0,2021-05-04
7753,144.0,2021-06-04
7754,144.0,2021-07-04
7755,144.0,2021-08-04
7756,144.0,2021-09-04
7757,144.0,2021-10-04
7758,144.0,2021-11-04
7759,144.0,2021-12-04
7760,145.0,2021-01-23
7761,145.0,2021-02-23
7762,145.0,2021-03-23
7763,145.0,2021-04-23
7764,145.0,2021-05-23
7765,145.0,2021-06-23
7766,145.0,2021-07-23
7767,145.0,2021-08-23
7768,145.0,2021-09-23
7769,145.0,2021-10-23
7770,145.0,2021-11-23
7771,145.0,2021-12-23
7772,146.0,2020-10-04
7773,146.0,2020-11-04
7774,146.0,2020-12-04
7775,146.0,2021-01-04
7776,146.0,2021-02-04
7777,146.0,2021-03-04
7778,146.0,2021-04-04
7779,146.0,2021-05-04
7780,146.0,2021-06-04
7781,146.0,2021-07-04
7782,146.0,2021-08-04
7783,146.0,2021-09-04
7784,146.0,2021-10-04
7785,146.0,2021-11-04
7786,146.0,2021-12-04
7787,147.0,2021-07-21
7788,147.0,2021-08-21
7789,147.0,2021-09-21
7790,147.0,2021-10-21
7791,148.0,2020-07-20
7792,148.0,2020-08-20
7793,148.0,2020-09-20
7794,148.0,2020-10-20
7795,148.0,2020-11-20
7796,148.0,2020-12-20
7797,149.0,2021-12-10
7798,150.0,2021-01-24
7799,150.0,2021-02-24
7800,150.0,2021-03-24
7801,150.0,2021-04-24
7802,150.0,2021-05-24
7803,150.0,2021-06-24
7804,150.0,2021-07-24
7805,150.0,2021-08-24
7806,150.0,2021-09-24
7807,150.0,2021-10-24
7808,150.0,2021-11-24
7809,150.0,2021-12-24
7810,151.0,2021-01-29
7811,151.0,2021-02-28
7812,151.0,2021-03-28
7813,151.0,2021-04-28
7814,151.0,2021-05-28
7815,151.0,2021-06-28
7816,151.0,2021-07-28
7817,151.0,2021-08-28
7818,151.0,2021-09-28
7819,151.0,2021-10-28
7820,151.0,2021-11-28
7821,151.0,2021-12-28
7822,152.0,2021-04-14
7823,152.0,2021-05-14
7824,152.0,2021-06-14
7825,152.0,2021-07-14
7826,152.0,2021-08-14
7827,152.0,2021-09-14
7828,152.0,2021-10-14
7829,153.0,2021-01-17
7830,153.0,2021-02-17
7831,153.0,2021-03-17
7832,153.0,2021-04-17
7833,153.0,2021-05-17
7834,153.0,2021-06-17
7835,153.0,2021-07-17
7836,153.0,2021-08-17
7837,153.0,2021-09-17
7838,153.0,2021-10-17
7839,153.0,2021-11-17
7840,153.0,2021-12-17
7841,154.0,2020-08-25
7842,154.0,2020-09-25
7843,154.0,2020-10-25
7844,154.0,2020-11-25
7845,154.0,2020-12-25
7846,154.0,2021-01-25
7847,154.0,2021-02-25
7848,154.0,2021-03-25
7849,154.0,2021-04-25
7850,154.0,2021-05-25
7851,154.0,2021-06-25
7852,154.0,2021-07-25
7853,154.0,2021-08-25
7854,154.0,2021-09-25
7855,154.0,2021-10-25
7856,154.0,2021-11-25
7857,154.0,2021-12-25
7858,155.0,2020-05-14
7859,155.0,2020-06-14
7860,155.0,2020-07-14
7861,155.0,2020-08-14
7862,156.0,2020-06-14
7863,156.0,2020-07-14
7864,156.0,2020-08-14
7865,156.0,2020-09-14
7866,156.0,2020-10-14
7867,156.0,2020-11-14
7868,156.0,2020-12-14
7869,156.0,2021-01-14
7870,156.0,2021-02-14
7871,156.0,2021-03-14
7872,156.0,2021-04-14
7873,156.0,2021-05-14
7874,156.0,2021-06-14
7875,156.0,2021-07-14
7876,156.0,2021-08-14
7877,156.0,2021-09-14
7878,156.0,2021-10-14
7879,156.0,2021-11-14
7880,156.0,2021-12-14
7881,157.0,2021-01-09
7882,157.0,2021-02-09
7883,157.0,2021-03-09
7884,157.0,2021-04-09
7885,157.0,2021-05-09
7886,157.0,2021-06-09
7887,157.0,2021-07-09
7888,157.0,2021-08-09
7889,157.0,2021-09-09
7890,157.0,2021-10-09
7891,157.0,2021-11-09
7892,157.0,2021-12-09
7893,158.0,2021-05-17
7894,158.0,2021-06-17
7895,158.0,2021-07-17
7896,158.0,2021-08-17
7897,158.0,2021-09-17
7898,158.0,2021-10-17
7899,158.0,2021-11-17
7900,158.0,2021-12-17
7901,159.0,2021-07-02
7902,159.0,2021-08-02
7903,159.0,2021-09-02
7904,159.0,2021-10-02
7905,159.0,2021-11-02
7906,159.0,2021-12-02
7907,160.0,2020-05-05
7908,160.0,2020-06-05
7909,160.0,2020-07-05
7910,160.0,2020-08-05
7911,160.0,2020-09-05
7912,160.0,2020-10-05
7913,160.0,2020-11-05
7914,160.0,2020-12-05
7915,160.0,2021-01-05
7916,160.0,2021-02-05
7917,160.0,2021-03-05
7918,160.0,2021-04-05
7919,160.0,2021-05-05
7920,160.0,2021-06-05
7921,160.0,2021-07-05
7922,160.0,2021-08-05
7923,160.0,2021-09-05
7924,160.0,2021-10-05
7925,160.0,2021-11-05
7926,160.0,2021-12-05
7927,161.0,2021-08-09
7928,161.0,2021-09-09
7929,161.0,2021-10-09
7930,161.0,2021-11-09
7931,161.0,2021-12-09
7932,162.0,2020-05-05
7933,162.0,2020-06-05
7934,162.0,2020-07-05
7935,163.0,2021-05-12
7936,163.0,2021-06-12
7937,163.0,2021-07-12
7938,163.0,2021-08-12
7939,163.0,2021-09-12
7940,163.0,2021-10-12
7941,164.0,2021-11-19
7942,164.0,2021-12-19
7943,165.0,2021-06-26
7944,165.0,2021-07-26
7945,165.0,2021-08-26
7946,165.0,2021-09-26
7947,166.0,2020-11-08
7948,166.0,2020-12-08
7949,166.0,2021-01-08
7950,166.0,2021-02-08
7951,166.0,2021-03-08
7952,166.0,2021-04-08
7953,166.0,2021-05-08
7954,166.0,2021-06-08
7955,166.0,2021-07-08
7956,166.0,2021-08-08
7957,166.0,2021-09-08
7958,166.0,2021-10-08
7959,166.0,2021-11-08
7960,166.0,2021-12-08
7961,167.0,2020-10-21
7962,167.0,2020-11-21
7963,167.0,2020-12-21
7964,167.0,2021-01-21
7965,167.0,2021-02-21
7966,167.0,2021-03-21
7967,167.0,2021-04-21
7968,167.0,2021-05-21
7969,167.0,2021-06-21
7970,167.0,2021-07-21
7971,167.0,2021-08-21
7972,167.0,2021-09-21
7973,167.0,2021-10-21
7974,167.0,2021-11-21
7975,167.0,2021-12-21
7976,168.0,2021-02-12
7977,168.0,2021-03-12
7978,168.0,2021-04-12
7979,168.0,2021-05-12
7980,168.0,2021-06-12
7981,168.0,2021-07-12
7982,168.0,2021-08-12
7983,168.0,2021-09-12
7984,168.0,2021-10-12
7985,168.0,2021-11-12
7986,168.0,2021-12-12
7987,169.0,2021-08-12
7988,169.0,2021-09-12
7989,169.0,2021-10-12
7990,169.0,2021-11-12
7991,169.0,2021-12-12
7992,170.0,2020-06-02
7993,170.0,2020-07-02
7994,170.0,2020-08-02
7995,170.0,2020-09-02
7996,170.0,2020-10-02
7997,170.0,2020-11-02
7998,170.0,2020-12-02
7999,170.0,2021-01-02
8000,170.0,2021-02-02
8001,170.0,2021-03-02
8002,170.0,2021-04-02
8003,170.0,2021-05-02
8004,170.0,2021-06-02
8005,170.0,2021-07-02
8006,170.0,2021-08-02
8007,170.0,2021-09-02
8008,170.0,2021-10-02
8009,170.0,2021-11-02
8010,170.0,2021-12-02
8011,171.0,2021-11-19
8012,171.0,2021-12-19
8013,172.0,2021-04-22
8014,172.0,2021-05-22
8015,172.0,2021-06-22
8016,172.0,2021-07-22
8017,172.0,2021-08-22
8018,172.0,2021-09-22
8019,172.0,2021-10-22
8020,172.0,2021-11-22
8021,172.0,2021-12-22
8022,173.0,2020-11-20
8023,173.0,2020-12-20
8024,173.0,2021-01-20
8025,173.0,2021-02-20
8026,173.0,2021-03-20
8027,173.0,2021-04-20
8028,173.0,2021-05-20
8029,173.0,2021-06-20
8030,173.0,2021-07-20
8031,173.0,2021-08-20
8032,173.0,2021-09-20
8033,173.0,2021-10-20
8034,173.0,2021-11-20
8035,173.0,2021-12-20
8036,174.0,2020-08-12
8037,174.0,2020-09-12
8038,174.0,2020-10-12
8039,174.0,2020-11-12
8040,174.0,2020-12-12
8041,174.0,2021-01-12
8042,174.0,2021-02-12
8043,174.0,2021-03-12
8044,174.0,2021-04-12
8045,174.0,2021-05-12
8046,174.0,2021-06-12
8047,174.0,2021-07-12
8048,174.0,2021-08-12
8049,174.0,2021-09-12
8050,174.0,2021-10-12
8051,174.0,2021-11-12
8052,174.0,2021-12-12
8053,175.0,2021-08-04
8054,175.0,2021-09-04
8055,175.0,2021-10-04
8056,175.0,2021-11-04
8057,175.0,2021-12-04
8058,176.0,2020-08-06
8059,176.0,2020-09-06
8060,176.0,2020-10-06
8061,176.0,2020-11-06
8062,176.0,2020-12-06
8063,176.0,2021-01-06
8064,176.0,2021-02-06
8065,176.0,2021-03-06
8066,176.0,2021-04-06
8067,176.0,2021-05-06
8068,176.0,2021-06-06
8069,176.0,2021-07-06
8070,176.0,2021-08-06
8071,176.0,2021-09-06
8072,176.0,2021-10-06
8073,176.0,2021-11-06
8074,176.0,2021-12-06
8075,177.0,2021-07-09
8076,177.0,2021-08-09
8077,178.0,2021-03-28
8078,178.0,2021-04-28
8079,178.0,2021-05-28
8080,178.0,2021-06-28
8081,178.0,2021-07-28
8082,178.0,2021-08-28
8083,178.0,2021-09-28
8084,178.0,2021-10-28
8085,179.0,2020-12-04
8086,179.0,2021-01-04
8087,179.0,2021-02-04
8088,179.0,2021-03-04
8089,179.0,2021-04-04
8090,179.0,2021-05-04
8091,179.0,2021-06-04
8092,180.0,2020-05-28
8093,180.0,2020-06-28
8094,180.0,2020-07-28
8095,180.0,2020-08-28
8096,180.0,2020-09-28
8097,180.0,2020-10-28
8098,180.0,2020-11-28
8099,180.0,2020-12-28
8100,180.0,2021-01-28
8101,180.0,2021-02-28
8102,180.0,2021-03-28
8103,180.0,2021-04-28
8104,180.0,2021-05-28
8105,180.0,2021-06-28
8106,180.0,2021-07-28
8107,180.0,2021-08-28
8108,180.0,2021-09-28
8109,180.0,2021-10-28
8110,180.0,2021-11-28
8111,180.0,2021-12-28
8112,181.0,2021-09-10
8113,181.0,2021-10-10
8114,181.0,2021-11-10
8115,181.0,2021-12-10
8116,182.0,2021-01-25
8117,182.0,2021-02-25
8118,182.0,2021-03-25
8119,182.0,2021-04-25
8120,182.0,2021-05-25
8121,182.0,2021-06-25
8122,182.0,2021-07-25
8123,182.0,2021-08-25
8124,182.0,2021-09-25
8125,182.0,2021-10-25
8126,182.0,2021-11-25
8127,182.0,2021-12-25
8128,183.0,2020-07-20
8129,183.0,2020-08-20
8130,183.0,2020-09-20
8131,183.0,2020-10-20
8132,183.0,2020-11-20
8133,183.0,2020-12-20
8134,183.0,2021-01-20
8135,184.0,2021-05-25
8136,184.0,2021-06-25
8137,184.0,2021-07-25
8138,185.0,2021-01-09
8139,185.0,2021-02-09
8140,185.0,2021-03-09
8141,185.0,2021-04-09
8142,185.0,2021-05-09
8143,185.0,2021-06-09
8144,185.0,2021-07-09
8145,185.0,2021-08-09
8146,185.0,2021-09-09
8147,185.0,2021-10-09
8148,185.0,2021-11-09
8149,186.0,2020-11-07
8150,186.0,2020-12-07
8151,186.0,2021-01-07
8152,186.0,2021-02-07
8153,186.0,2021-03-07
8154,186.0,2021-04-07
8155,186.0,2021-05-07
8156,186.0,2021-06-07
8157,186.0,2021-07-07
8158,186.0,2021-08-07
8159,186.0,2021-09-07
8160,186.0,2021-10-07
8161,186.0,2021-11-07
8162,186.0,2021-12-07
8163,187.0,2020-09-24
8164,187.0,2020-10-24
8165,187.0,2020-11-24
8166,187.0,2020-12-24
8167,187.0,2021-01-24
8168,187.0,2021-02-24
8169,187.0,2021-03-24
8170,187.0,2021-04-24
8171,187.0,2021-05-24
8172,187.0,2021-06-24
8173,187.0,2021-07-24
8174,187.0,2021-08-24
8175,187.0,2021-09-24
8176,187.0,2021-10-24
8177,187.0,2021-11-24
8178,187.0,2021-12-24
8179,188.0,2020-10-11
8180,188.0,2020-11-11
8181,188.0,2020-12-11
8182,188.0,2021-01-11
8183,188.0,2021-02-11
8184,188.0,2021-03-11
8185,188.0,2021-04-11
8186,188.0,2021-05-11
8187,188.0,2021-06-11
8188,188.0,2021-07-11
8189,188.0,2021-08-11
8190,188.0,2021-09-11
8191,188.0,2021-10-11
8192,188.0,2021-11-11
8193,188.0,2021-12-11
8194,189.0,2021-07-13
8195,189.0,2021-08-13
8196,189.0,2021-09-13
8197,189.0,2021-10-13
8198,189.0,2021-11-13
8199,189.0,2021-12-13
8200,190.0,2021-03-10
8201,190.0,2021-04-10
8202,190.0,2021-05-10
8203,190.0,2021-06-10
8204,190.0,2021-07-10
8205,190.0,2021-08-10
8206,190.0,2021-09-10
8207,190.0,2021-10-10
8208,190.0,2021-11-10
8209,190.0,2021-12-10
8210,191.0,2021-05-30
8211,191.0,2021-06-30
8212,191.0,2021-07-30
8213,191.0,2021-08-30
8214,191.0,2021-09-30
8215,191.0,2021-10-30
8216,191.0,2021-11-30
8217,191.0,2021-12-30
8218,192.0,2020-07-07
8219,192.0,2020-08-07
8220,192.0,2020-09-07
8221,192.0,2020-10-07
8222,192.0,2020-11-07
8223,192.0,2020-12-07
8224,192.0,2021-01-07
8225,192.0,2021-02-07
8226,192.0,2021-03-07
8227,192.0,2021-04-07
8228,192.0,2021-05-07
8229,192.0,2021-06-07
8230,192.0,2021-07-07
8231,192.0,2021-08-07
8232,192.0,2021-09-07
8233,192.0,2021-10-07
8234,192.0,2021-11-07
8235,192.0,2021-12-07
8236,193.0,2021-04-06
8237,193.0,2021-05-06
8238,193.0,2021-06-06
8239,193.0,2021-07-06
8240,193.0,2021-08-06
8241,193.0,2021-09-06
8242,193.0,2021-10-06
8243,193.0,2021-11-06
8244,193.0,2021-12-06
8245,194.0,2021-01-07
8246,194.0,2021-02-07
8247,194.0,2021-03-07
8248,194.0,2021-04-07
8249,194.0,2021-05-07
8250,194.0,2021-06-07
8251,194.0,2021-07-07
8252,194.0,2021-08-07
8253,194.0,2021-09-07
8254,194.0,2021-10-07
8255,194.0,2021-11-07
8256,194.0,2021-12-07
8257,195.0,2020-05-20
8258,195.0,2020-06-20
8259,195.0,2020-07-20
8260,195.0,2020-08-20
8261,195.0,2020-09-20
8262,195.0,2020-10-20
8263,195.0,2020-11-20
8264,195.0,2020-12-20
8265,195.0,2021-01-20
8266,195.0,2021-02-20
8267,195.0,2021-03-20
8268,195.0,2021-04-20
8269,195.0,2021-05-20
8270,195.0,2021-06-20
8271,196.0,2021-06-25
8272,196.0,2021-07-25
8273,196.0,2021-08-25
8274,196.0,2021-09-25
8275,196.0,2021-10-25
8276,196.0,2021-11-25
8277,196.0,2021-12-25
8278,197.0,2021-09-27
8279,197.0,2021-10-27
8280,197.0,2021-11-27
8281,197.0,2021-12-27
8282,198.0,2021-09-12
8283,198.0,2021-10-12
8284,198.0,2021-11-12
8285,199.0,2020-11-18
8286,199.0,2020-12-18
8287,199.0,2021-01-18
8288,199.0,2021-02-18
8289,199.0,2021-03-18
8290,199.0,2021-04-18
8291,199.0,2021-05-18
8292,199.0,2021-06-18
8293,199.0,2021-07-18
8294,199.0,2021-08-18
8295,199.0,2021-09-18
8296,199.0,2021-10-18
8297,199.0,2021-11-18
8298,199.0,2021-12-18
8299,200.0,2020-08-01
8300,200.0,2020-09-01
8301,200.0,2020-10-01
8302,200.0,2020-11-01
8303,200.0,2020-12-01
8304,200.0,2021-01-01
8305,200.0,2021-02-01
8306,200.0,2021-03-01
8307,200.0,2021-04-01
8308,200.0,2021-05-01
8309,200.0,2021-06-01
8310,200.0,2021-07-01
8311,200.0,2021-08-01
8312,200.0,2021-09-01
8313,200.0,2021-10-01
8314,200.0,2021-11-01
8315,200.0,2021-12-01
8316,201.0,2020-12-01
8317,201.0,2021-01-01
8318,201.0,2021-02-01
8319,201.0,2021-03-01
8320,201.0,2021-04-01
8321,201.0,2021-05-01
8322,201.0,2021-06-01
8323,201.0,2021-07-01
8324,201.0,2021-08-01
8325,201.0,2021-09-01
8326,201.0,2021-10-01
8327,201.0,2021-11-01
8328,201.0,2021-12-01
8329,202.0,2021-06-25
8330,202.0,2021-07-25
8331,202.0,2021-08-25
8332,202.0,2021-09-25
8333,202.0,2021-10-25
8334,202.0,2021-11-25
8335,202.0,2021-12-25
8336,203.0,2020-12-31
8337,203.0,2021-01-31
8338,203.0,2021-02-28
8339,203.0,2021-03-28
8340,203.0,2021-04-28
8341,203.0,2021-05-28
8342,203.0,2021-06-28
8343,203.0,2021-07-28
8344,203.0,2021-08-28
8345,203.0,2021-09-28
8346,203.0,2021-10-28
8347,203.0,2021-11-28
8348,204.0,2021-11-05
8349,204.0,2021-12-05
8350,205.0,2021-05-29
8351,205.0,2021-06-29
8352,205.0,2021-07-29
8353,205.0,2021-08-29
8354,205.0,2021-09-29
8355,205.0,2021-10-29
8356,205.0,2021-11-29
8357,205.0,2021-12-29
8358,206.0,2020-06-13
8359,206.0,2020-07-13
8360,206.0,2020-08-13
8361,206.0,2020-09-13
8362,206.0,2020-10-13
8363,206.0,2020-11-13
8364,206.0,2020-12-13
8365,206.0,2021-01-13
8366,206.0,2021-02-13
8367,206.0,2021-03-13
8368,206.0,2021-04-13
8369,206.0,2021-05-13
8370,206.0,2021-06-13
8371,206.0,2021-07-13
8372,206.0,2021-08-13
8373,206.0,2021-09-13
8374,206.0,2021-10-13
8375,206.0,2021-11-13
8376,206.0,2021-12-13
8377,207.0,2021-11-27
8378,207.0,2021-12-27
8379,208.0,2020-09-21
8380,208.0,2020-10-21
8381,208.0,2020-11-21
8382,208.0,2020-12-21
8383,208.0,2021-01-21
8384,208.0,2021-02-21
8385,208.0,2021-03-21
8386,208.0,2021-04-21
8387,208.0,2021-05-21
8388,208.0,2021-06-21
8389,208.0,2021-07-21
8390,208.0,2021-08-21
8391,208.0,2021-09-21
8392,208.0,2021-10-21
8393,208.0,2021-11-21
8394,208.0,2021-12-21
8395,209.0,2021-04-23
8396,209.0,2021-05-23
8397,209.0,2021-06-23
8398,209.0,2021-07-23
8399,209.0,2021-08-23
8400,209.0,2021-09-23
8401,209.0,2021-10-23
8402,209.0,2021-11-23
8403,210.0,2021-11-10
8404,210.0,2021-12-10
8405,211.0,2021-09-29
8406,211.0,2021-10-29
8407,211.0,2021-11-29
8408,211.0,2021-12-29
8409,212.0,2021-11-14
8410,212.0,2021-12-14
8411,213.0,2021-11-22
8412,214.0,2020-07-07
8413,214.0,2020-08-07
8414,214.0,2020-09-07
8415,214.0,2020-10-07
8416,214.0,2020-11-07
8417,214.0,2020-12-07
8418,214.0,2021-01-07
8419,214.0,2021-02-07
8420,214.0,2021-03-07
8421,214.0,2021-04-07
8422,214.0,2021-05-07
8423,214.0,2021-06-07
8424,214.0,2021-07-07
8425,214.0,2021-08-07
8426,214.0,2021-09-07
8427,214.0,2021-10-07
8428,214.0,2021-11-07
8429,214.0,2021-12-07
8430,215.0,2021-04-12
8431,215.0,2021-05-12
8432,215.0,2021-06-12
8433,215.0,2021-07-12
8434,215.0,2021-08-12
8435,215.0,2021-09-12
8436,215.0,2021-10-12
8437,215.0,2021-11-12
8438,215.0,2021-12-12
8439,216.0,2020-06-09
8440,216.0,2020-07-09
8441,216.0,2020-08-09
8442,216.0,2020-09-09
8443,216.0,2020-10-09
8444,216.0,2020-11-09
8445,216.0,2020-12-09
8446,216.0,2021-01-09
8447,216.0,2021-02-09
8448,216.0,2021-03-09
8449,216.0,2021-04-09
8450,216.0,2021-05-09
8451,216.0,2021-06-09
8452,216.0,2021-07-09
8453,216.0,2021-08-09
8454,216.0,2021-09-09
8455,216.0,2021-10-09
8456,216.0,2021-11-09
8457,216.0,2021-12-09
8458,217.0,2020-08-01
8459,217.0,2020-09-01
8460,217.0,2020-10-01
8461,217.0,2020-11-01
8462,217.0,2020-12-01
8463,217.0,2021-01-01
8464,217.0,2021-02-01
8465,217.0,2021-03-01
8466,217.0,2021-04-01
8467,217.0,2021-05-01
8468,217.0,2021-06-01
8469,217.0,2021-07-01
8470,217.0,2021-08-01
8471,217.0,2021-09-01
8472,217.0,2021-10-01
8473,217.0,2021-11-01
8474,217.0,2021-12-01
8475,218.0,2021-12-07
8476,219.0,2020-05-27
8477,219.0,2020-06-27
8478,219.0,2020-07-27
8479,219.0,2020-08-27
8480,219.0,2020-09-27
8481,219.0,2020-10-27
8482,219.0,2020-11-27
8483,219.0,2020-12-27
8484,219.0,2021-01-27
8485,219.0,2021-02-27
8486,219.0,2021-03-27
8487,219.0,2021-04-27
8488,219.0,2021-05-27
8489,219.0,2021-06-27
8490,219.0,2021-07-27
8491,219.0,2021-08-27
8492,219.0,2021-09-27
8493,219.0,2021-10-27
8494,219.0,2021-11-27
8495,219.0,2021-12-27
8496,220.0,2021-02-10
8497,220.0,2021-03-10
8498,220.0,2021-04-10
8499,220.0,2021-05-10
8500,220.0,2021-06-10
8501,220.0,2021-07-10
8502,220.0,2021-08-10
8503,220.0,2021-09-10
8504,220.0,2021-10-10
8505,220.0,2021-11-10
8506,220.0,2021-12-10
8507,221.0,2020-06-09
8508,221.0,2020-07-09
8509,221.0,2020-08-09
8510,221.0,2020-09-09
8511,221.0,2020-10-09
8512,222.0,2021-12-14
8513,223.0,2021-07-05
8514,223.0,2021-08-05
8515,223.0,2021-09-05
8516,223.0,2021-10-05
8517,223.0,2021-11-05
8518,223.0,2021-12-05
8519,224.0,2021-07-22
8520,224.0,2021-08-22
8521,224.0,2021-09-22
8522,224.0,2021-10-22
8523,224.0,2021-11-22
8524,224.0,2021-12-22
8525,225.0,2020-12-28
8526,225.0,2021-01-28
8527,225.0,2021-02-28
8528,225.0,2021-03-28
8529,225.0,2021-04-28
8530,225.0,2021-05-28
8531,225.0,2021-06-28
8532,225.0,2021-07-28
8533,225.0,2021-08-28
8534,225.0,2021-09-28
8535,225.0,2021-10-28
8536,225.0,2021-11-28
8537,225.0,2021-12-28
8538,226.0,2021-02-15
8539,226.0,2021-03-15
8540,226.0,2021-04-15
8541,226.0,2021-05-15
8542,226.0,2021-06-15
8543,226.0,2021-07-15
8544,226.0,2021-08-15
8545,226.0,2021-09-15
8546,226.0,2021-10-15
8547,226.0,2021-11-15
8548,226.0,2021-12-15
8549,227.0,2021-03-25
8550,227.0,2021-04-25
8551,227.0,2021-05-25
8552,227.0,2021-06-25
8553,227.0,2021-07-25
8554,227.0,2021-08-25
8555,227.0,2021-09-25
8556,227.0,2021-10-25
8557,227.0,2021-11-25
8558,227.0,2021-12-25
8559,228.0,2021-04-15
8560,228.0,2021-05-15
8561,228.0,2021-06-15
8562,228.0,2021-07-15
8563,228.0,2021-08-15
8564,228.0,2021-09-15
8565,228.0,2021-10-15
8566,228.0,2021-11-15
8567,228.0,2021-12-15
8568,229.0,2020-07-29
8569,229.0,2020-08-29
8570,229.0,2020-09-29
8571,229.0,2020-10-29
8572,229.0,2020-11-29
8573,229.0,2020-12-29
8574,229.0,2021-01-29
8575,229.0,2021-02-28
8576,229.0,2021-03-28
8577,229.0,2021-04-28
8578,229.0,2021-05-28
8579,229.0,2021-06-28
8580,229.0,2021-07-28
8581,229.0,2021-08-28
8582,229.0,2021-09-28
8583,229.0,2021-10-28
8584,229.0,2021-11-28
8585,229.0,2021-12-28
8586,230.0,2020-10-17
8587,230.0,2020-11-17
8588,230.0,2020-12-17
8589,230.0,2021-01-17
8590,230.0,2021-02-17
8591,230.0,2021-03-17
8592,230.0,2021-04-17
8593,230.0,2021-05-17
8594,230.0,2021-06-17
8595,230.0,2021-07-17
8596,230.0,2021-08-17
8597,230.0,2021-09-17
8598,230.0,2021-10-17
8599,230.0,2021-11-17
8600,230.0,2021-12-17
8601,231.0,2021-06-30
8602,231.0,2021-07-30
8603,231.0,2021-08-30
8604,231.0,2021-09-30
8605,231.0,2021-10-30
8606,231.0,2021-11-30
8607,231.0,2021-12-30
8608,232.0,2020-05-05
8609,232.0,2020-06-05
8610,232.0,2020-07-05
8611,232.0,2020-08-05
8612,232.0,2020-09-05
8613,232.0,2020-10-05
8614,232.0,2020-11-05
8615,232.0,2020-12-05
8616,232.0,2021-01-05
8617,232.0,2021-02-05
8618,232.0,2021-03-05
8619,232.0,2021-04-05
8620,232.0,2021-05-05
8621,232.0,2021-06-05
8622,232.0,2021-07-05
8623,232.0,2021-08-05
8624,232.0,2021-09-05
8625,232.0,2021-10-05
8626,232.0,2021-11-05
8627,232.0,2021-12-05
8628,233.0,2021-06-04
8629,233.0,2021-07-04
8630,234.0,2021-02-13
8631,234.0,2021-03-13
8632,234.0,2021-04-13
8633,234.0,2021-05-13
8634,234.0,2021-06-13
8635,234.0,2021-07-13
8636,234.0,2021-08-13
8637,234.0,2021-09-13
8638,234.0,2021-10-13
8639,234.0,2021-11-13
8640,234.0,2021-12-13
8641,235.0,2021-07-21
8642,235.0,2021-08-21
8643,235.0,2021-09-21
8644,235.0,2021-10-21
8645,235.0,2021-11-21
8646,235.0,2021-12-21
8647,236.0,2021-11-14
8648,236.0,2021-12-14
8649,237.0,2020-09-28
8650,237.0,2020-10-28
8651,237.0,2020-11-28
8652,237.0,2020-12-28
8653,237.0,2021-01-28
8654,237.0,2021-02-28
8655,237.0,2021-03-28
8656,237.0,2021-04-28
8657,237.0,2021-05-28
8658,237.0,2021-06-28
8659,237.0,2021-07-28
8660,238.0,2021-03-01
8661,238.0,2021-04-01
8662,238.0,2021-05-01
8663,238.0,2021-06-01
8664,238.0,2021-07-01
8665,238.0,2021-08-01
8666,238.0,2021-09-01
8667,238.0,2021-10-01
8668,238.0,2021-11-01
8669,238.0,2021-12-01
8670,239.0,2021-01-16
8671,239.0,2021-02-16
8672,239.0,2021-03-16
8673,239.0,2021-04-16
8674,239.0,2021-05-16
8675,239.0,2021-06-16
8676,239.0,2021-07-16
8677,239.0,2021-08-16
8678,239.0,2021-09-16
8679,239.0,2021-10-16
8680,239.0,2021-11-16
8681,239.0,2021-12-16
8682,240.0,2021-11-24
8683,240.0,2021-12-24
8684,241.0,2021-05-30
8685,241.0,2021-06-30
8686,241.0,2021-07-30
8687,241.0,2021-08-30
8688,241.0,2021-09-30
8689,242.0,2021-10-29
8690,242.0,2021-11-29
8691,242.0,2021-12-29
8692,243.0,2021-04-17
8693,243.0,2021-05-17
8694,243.0,2021-06-17
8695,243.0,2021-07-17
8696,243.0,2021-08-17
8697,243.0,2021-09-17
8698,243.0,2021-10-17
8699,243.0,2021-11-17
8700,243.0,2021-12-17
8701,244.0,2020-08-02
8702,244.0,2020-09-02
8703,244.0,2020-10-02
8704,244.0,2020-11-02
8705,244.0,2020-12-02
8706,244.0,2021-01-02
8707,244.0,2021-02-02
8708,244.0,2021-03-02
8709,244.0,2021-04-02
8710,244.0,2021-05-02
8711,244.0,2021-06-02
8712,244.0,2021-07-02
8713,244.0,2021-08-02
8714,244.0,2021-09-02
8715,244.0,2021-10-02
8716,244.0,2021-11-02
8717,244.0,2021-12-02
8718,245.0,2021-05-31
8719,245.0,2021-06-30
8720,245.0,2021-07-30
8721,245.0,2021-08-30
8722,245.0,2021-09-30
8723,245.0,2021-10-30
8724,245.0,2021-11-30
8725,245.0,2021-12-30
8726,246.0,2020-11-03
8727,246.0,2020-12-03
8728,246.0,2021-01-03
8729,246.0,2021-02-03
8730,246.0,2021-03-03
8731,246.0,2021-04-03
8732,246.0,2021-05-03
8733,246.0,2021-06-03
8734,246.0,2021-07-03
8735,246.0,2021-08-03
8736,246.0,2021-09-03
8737,246.0,2021-10-03
8738,246.0,2021-11-03
8739,246.0,2021-12-03
8740,247.0,2020-07-15
8741,247.0,2020-08-15
8742,247.0,2020-09-15
8743,247.0,2020-10-15
8744,247.0,2020-11-15
8745,247.0,2020-12-15
8746,247.0,2021-01-15
8747,247.0,2021-02-15
8748,247.0,2021-03-15
8749,247.0,2021-04-15
8750,247.0,2021-05-15
8751,247.0,2021-06-15
8752,247.0,2021-07-15
8753,247.0,2021-08-15
8754,247.0,2021-09-15
8755,247.0,2021-10-15
8756,247.0,2021-11-15
8757,247.0,2021-12-15
8758,248.0,2020-06-29
8759,248.0,2020-07-29
8760,248.0,2020-08-29
8761,248.0,2020-09-29
8762,248.0,2020-10-29
8763,248.0,2020-11-29
8764,248.0,2020-12-29
8765,248.0,2021-01-29
8766,248.0,2021-02-28
8767,249.0,2020-12-01
8768,249.0,2021-01-01
8769,249.0,2021-02-01
8770,249.0,2021-03-01
8771,249.0,2021-04-01
8772,249.0,2021-05-01
8773,249.0,2021-06-01
8774,249.0,2021-07-01
8775,249.0,2021-08-01
8776,249.0,2021-09-01
8777,249.0,2021-10-01
8778,249.0,2021-11-01
8779,249.0,2021-12-01
8780,250.0,2020-11-05
8781,250.0,2020-12-05
8782,250.0,2021-01-05
8783,250.0,2021-02-05
8784,250.0,2021-03-05
8785,250.0,2021-04-05
8786,250.0,2021-05-05
8787,250.0,2021-06-05
8788,250.0,2021-07-05
8789,250.0,2021-08-05
8790,250.0,2021-09-05
8791,250.0,2021-10-05
8792,250.0,2021-11-05
8793,250.0,2021-12-05
8794,251.0,2021-07-12
8795,251.0,2021-08-12
8796,251.0,2021-09-12
8797,251.0,2021-10-12
8798,251.0,2021-11-12
8799,252.0,2021-09-25
8800,252.0,2021-10-25
8801,252.0,2021-11-25
8802,252.0,2021-12-25
8803,253.0,2021-06-29
8804,253.0,2021-07-29
8805,253.0,2021-08-29
8806,253.0,2021-09-29
8807,253.0,2021-10-29
8808,253.0,2021-11-29
8809,253.0,2021-12-29
8810,254.0,2021-02-23
8811,254.0,2021-03-23
8812,254.0,2021-04-23
8813,254.0,2021-05-23
8814,254.0,2021-06-23
8815,254.0,2021-07-23
8816,254.0,2021-08-23
8817,254.0,2021-09-23
8818,254.0,2021-10-23
8819,254.0,2021-11-23
8820,254.0,2021-12-23
8821,255.0,2020-07-23
8822,255.0,2020-08-23
8823,255.0,2020-09-23
8824,255.0,2020-10-23
8825,255.0,2020-11-23
8826,255.0,2020-12-23
8827,255.0,2021-01-23
8828,255.0,2021-02-23
8829,255.0,2021-03-23
8830,255.0,2021-04-23
8831,255.0,2021-05-23
8832,255.0,2021-06-23
8833,255.0,2021-07-23
8834,255.0,2021-08-23
8835,255.0,2021-09-23
8836,255.0,2021-10-23
8837,255.0,2021-11-23
8838,255.0,2021-12-23
8839,256.0,2021-03-24
8840,256.0,2021-04-24
8841,256.0,2021-05-24
8842,256.0,2021-06-24
8843,256.0,2021-07-24
8844,256.0,2021-08-24
8845,256.0,2021-09-24
8846,256.0,2021-10-24
8847,257.0,2021-10-06
8848,257.0,2021-11-06
8849,257.0,2021-12-06
8850,258.0,2020-07-07
8851,258.0,2020-08-07
8852,258.0,2020-09-07
8853,258.0,2020-10-07
8854,258.0,2020-11-07
8855,258.0,2020-12-07
8856,258.0,2021-01-07
8857,258.0,2021-02-07
8858,258.0,2021-03-07
8859,258.0,2021-04-07
8860,258.0,2021-05-07
8861,258.0,2021-06-07
8862,258.0,2021-07-07
8863,258.0,2021-08-07
8864,258.0,2021-09-07
8865,258.0,2021-10-07
8866,258.0,2021-11-07
8867,258.0,2021-12-07
8868,259.0,2020-05-03
8869,259.0,2020-06-03
8870,259.0,2020-07-03
8871,259.0,2020-08-03
8872,259.0,2020-09-03
8873,259.0,2020-10-03
8874,259.0,2020-11-03
8875,259.0,2020-12-03
8876,259.0,2021-01-03
8877,259.0,2021-02-03
8878,259.0,2021-03-03
8879,259.0,2021-04-03
8880,259.0,2021-05-03
8881,259.0,2021-06-03
8882,259.0,2021-07-03
8883,259.0,2021-08-03
8884,259.0,2021-09-03
8885,259.0,2021-10-03
8886,259.0,2021-11-03
8887,259.0,2021-12-03
8888,260.0,2021-03-08
8889,260.0,2021-04-08
8890,260.0,2021-05-08
8891,260.0,2021-06-08
8892,260.0,2021-07-08
8893,260.0,2021-08-08
8894,260.0,2021-09-08
8895,260.0,2021-10-08
8896,260.0,2021-11-08
8897,260.0,2021-12-08
8898,261.0,2020-07-22
8899,261.0,2020-08-22
8900,261.0,2020-09-22
8901,261.0,2020-10-22
8902,261.0,2020-11-22
8903,261.0,2020-12-22
8904,261.0,2021-01-22
8905,261.0,2021-02-22
8906,261.0,2021-03-22
8907,261.0,2021-04-22
8908,261.0,2021-05-22
8909,261.0,2021-06-22
8910,261.0,2021-07-22
8911,261.0,2021-08-22
8912,261.0,2021-09-22
8913,261.0,2021-10-22
8914,261.0,2021-11-22
8915,261.0,2021-12-22
8916,262.0,2021-08-04
8917,262.0,2021-09-04
8918,262.0,2021-10-04
8919,262.0,2021-11-04
8920,262.0,2021-12-04
8921,263.0,2020-08-24
8922,263.0,2020-09-24
8923,263.0,2020-10-24
8924,263.0,2020-11-24
8925,263.0,2020-12-24
8926,263.0,2021-01-24
8927,263.0,2021-02-24
8928,263.0,2021-03-24
8929,263.0,2021-04-24
8930,263.0,2021-05-24
8931,263.0,2021-06-24
8932,263.0,2021-07-24
8933,263.0,2021-08-24
8934,263.0,2021-09-24
8935,263.0,2021-10-24
8936,263.0,2021-11-24
8937,263.0,2021-12-24
8938,264.0,2021-06-04
8939,264.0,2021-07-04
8940,264.0,2021-08-04
8941,264.0,2021-09-04
8942,264.0,2021-10-04
8943,264.0,2021-11-04
8944,264.0,2021-12-04
8945,265.0,2021-01-24
8946,265.0,2021-02-24
8947,265.0,2021-03-24
8948,265.0,2021-04-24
8949,265.0,2021-05-24
8950,265.0,2021-06-24
8951,265.0,2021-07-24
8952,265.0,2021-08-24
8953,265.0,2021-09-24
8954,265.0,2021-10-24
8955,265.0,2021-11-24
8956,266.0,2021-08-21
8957,266.0,2021-09-21
8958,266.0,2021-10-21
8959,266.0,2021-11-21
8960,266.0,2021-12-21
8961,267.0,2021-01-09
8962,267.0,2021-02-09
8963,267.0,2021-03-09
8964,267.0,2021-04-09
8965,267.0,2021-05-09
8966,267.0,2021-06-09
8967,267.0,2021-07-09
8968,267.0,2021-08-09
8969,267.0,2021-09-09
8970,267.0,2021-10-09
8971,267.0,2021-11-09
8972,267.0,2021-12-09
8973,268.0,2020-07-31
8974,268.0,2020-08-31
8975,268.0,2020-09-30
8976,268.0,2020-10-30
8977,268.0,2020-11-30
8978,268.0,2020-12-30
8979,268.0,2021-01-30
8980,269.0,2021-02-28
8981,269.0,2021-03-28
8982,269.0,2021-04-28
8983,269.0,2021-05-28
8984,269.0,2021-06-28
8985,269.0,2021-07-28
8986,269.0,2021-08-28
8987,269.0,2021-09-28
8988,269.0,2021-10-28
8989,269.0,2021-11-28
8990,269.0,2021-12-28
8991,269.0,2020-08-28
8992,269.0,2020-09-28
8993,269.0,2020-10-28
8994,269.0,2020-11-28
8995,269.0,2020-12-28
8996,269.0,2021-01-28
8997,269.0,2021-02-28
8998,269.0,2021-03-28
8999,269.0,2021-04-28
9000,269.0,2021-05-28
9001,270.0,2021-08-29
9002,270.0,2021-09-29
9003,271.0,2021-03-29
9004,271.0,2021-04-29
9005,271.0,2021-05-29
9006,271.0,2021-06-29
9007,271.0,2021-07-29
9008,271.0,2021-08-29
9009,271.0,2021-09-29
9010,271.0,2021-10-29
9011,271.0,2021-11-29
9012,271.0,2021-12-29
9013,272.0,2021-10-03
9014,272.0,2021-11-03
9015,272.0,2021-12-03
9016,273.0,2021-11-09
9017,273.0,2021-12-09
9018,274.0,2021-02-09
9019,274.0,2021-03-09
9020,274.0,2021-04-09
9021,274.0,2021-05-09
9022,274.0,2021-06-09
9023,274.0,2021-07-09
9024,274.0,2021-08-09
9025,274.0,2021-09-09
9026,274.0,2021-10-09
9027,274.0,2021-11-09
9028,274.0,2021-12-09
9029,275.0,2020-08-14
9030,275.0,2020-09-14
9031,275.0,2020-10-14
9032,275.0,2020-11-14
9033,275.0,2020-12-14
9034,275.0,2021-01-14
9035,275.0,2021-02-14
9036,275.0,2021-03-14
9037,275.0,2021-04-14
9038,275.0,2021-05-14
9039,275.0,2021-06-14
9040,275.0,2021-07-14
9041,275.0,2021-08-14
9042,275.0,2021-09-14
9043,275.0,2021-10-14
9044,275.0,2021-11-14
9045,275.0,2021-12-14
9046,276.0,2021-04-29
9047,276.0,2021-05-29
9048,276.0,2021-06-29
9049,276.0,2021-07-29
9050,276.0,2021-08-29
9051,276.0,2021-09-29
9052,276.0,2021-10-29
9053,276.0,2021-11-29
9054,276.0,2021-12-29
9055,277.0,2020-08-04
9056,277.0,2020-09-04
9057,277.0,2020-10-04
9058,277.0,2020-11-04
9059,277.0,2020-12-04
9060,277.0,2021-01-04
9061,277.0,2021-02-04
9062,277.0,2021-03-04
9063,277.0,2021-04-04
9064,277.0,2021-05-04
9065,277.0,2021-06-04
9066,277.0,2021-07-04
9067,277.0,2021-08-04
9068,277.0,2021-09-04
9069,277.0,2021-10-04
9070,277.0,2021-11-04
9071,277.0,2021-12-04
9072,278.0,2020-11-10
9073,278.0,2020-12-10
9074,278.0,2021-01-10
9075,278.0,2021-02-10
9076,278.0,2021-03-10
9077,279.0,2021-04-17
9078,279.0,2021-05-17
9079,279.0,2021-06-17
9080,279.0,2021-07-17
9081,280.0,2021-11-15
9082,280.0,2021-12-15
9083,281.0,2021-08-15
9084,281.0,2021-09-15
9085,281.0,2021-10-15
9086,281.0,2021-11-15
9087,282.0,2020-05-27
9088,282.0,2020-06-27
9089,282.0,2020-07-27
9090,282.0,2020-08-27
9091,282.0,2020-09-27
9092,282.0,2020-10-27
9093,282.0,2020-11-27
9094,282.0,2020-12-27
9095,282.0,2021-01-27
9096,283.0,2021-10-12
9097,283.0,2021-11-12
9098,284.0,2020-09-22
9099,284.0,2020-10-22
9100,284.0,2020-11-22
9101,284.0,2020-12-22
9102,284.0,2021-01-22
9103,284.0,2021-02-22
9104,284.0,2021-03-22
9105,284.0,2021-04-22
9106,284.0,2021-05-22
9107,284.0,2021-06-22
9108,284.0,2021-07-22
9109,284.0,2021-08-22
9110,284.0,2021-09-22
9111,284.0,2021-10-22
9112,284.0,2021-11-22
9113,284.0,2021-12-22
9114,285.0,2020-07-04
9115,285.0,2020-08-04
9116,285.0,2020-09-04
9117,285.0,2020-10-04
9118,285.0,2020-11-04
9119,285.0,2020-12-04
9120,285.0,2021-01-04
9121,285.0,2021-02-04
9122,285.0,2021-03-04
9123,285.0,2021-04-04
9124,285.0,2021-05-04
9125,285.0,2021-06-04
9126,285.0,2021-07-04
9127,285.0,2021-08-04
9128,285.0,2021-09-04
9129,285.0,2021-10-04
9130,285.0,2021-11-04
9131,285.0,2021-12-04
9132,286.0,2020-10-23
9133,286.0,2020-11-23
9134,286.0,2020-12-23
9135,286.0,2021-01-23
9136,286.0,2021-02-23
9137,286.0,2021-03-23
9138,286.0,2021-04-23
9139,286.0,2021-05-23
9140,286.0,2021-06-23
9141,286.0,2021-07-23
9142,286.0,2021-08-23
9143,286.0,2021-09-23
9144,286.0,2021-10-23
9145,286.0,2021-11-23
9146,286.0,2021-12-23
9147,287.0,2021-02-13
9148,287.0,2021-03-13
9149,287.0,2021-04-13
9150,287.0,2021-05-13
9151,287.0,2021-06-13
9152,287.0,2021-07-13
9153,287.0,2021-08-13
9154,287.0,2021-09-13
9155,287.0,2021-10-13
9156,287.0,2021-11-13
9157,287.0,2021-12-13
9158,288.0,2020-12-24
9159,288.0,2021-01-24
9160,288.0,2021-02-24
9161,288.0,2021-03-24
9162,288.0,2021-04-24
9163,288.0,2021-05-24
9164,288.0,2021-06-24
9165,288.0,2021-07-24
9166,288.0,2021-08-24
9167,288.0,2021-09-24
9168,288.0,2021-10-24
9169,288.0,2021-11-24
9170,289.0,2021-01-24
9171,289.0,2021-02-24
9172,289.0,2021-03-24
9173,290.0,2021-10-17
9174,290.0,2021-11-17
9175,291.0,2021-07-01
9176,291.0,2021-08-01
9177,292.0,2020-07-13
9178,292.0,2020-08-13
9179,292.0,2020-09-13
9180,292.0,2020-10-13
9181,292.0,2020-11-13
9182,292.0,2020-12-13
9183,292.0,2021-01-13
9184,292.0,2021-02-13
9185,292.0,2021-03-13
9186,292.0,2021-04-13
9187,292.0,2021-05-13
9188,292.0,2021-06-13
9189,292.0,2021-07-13
9190,292.0,2021-08-13
9191,292.0,2021-09-13
9192,292.0,2021-10-13
9193,292.0,2021-11-13
9194,292.0,2021-12-13
9195,293.0,2020-06-06
9196,293.0,2020-07-06
9197,293.0,2020-08-06
9198,293.0,2020-09-06
9199,293.0,2020-10-06
9200,293.0,2020-11-06
9201,293.0,2020-12-06
9202,293.0,2021-01-06
9203,293.0,2021-02-06
9204,293.0,2021-03-06
9205,293.0,2021-04-06
9206,293.0,2021-05-06
9207,293.0,2021-06-06
9208,293.0,2021-07-06
9209,293.0,2021-08-06
9210,293.0,2021-09-06
9211,293.0,2021-10-06
9212,293.0,2021-11-06
9213,293.0,2021-12-06
9214,294.0,2021-09-07
9215,294.0,2021-10-07
9216,294.0,2021-11-07
9217,294.0,2021-12-07
9218,295.0,2021-06-30
9219,295.0,2021-07-30
9220,295.0,2021-08-30
9221,295.0,2021-09-30
9222,295.0,2021-10-30
9223,295.0,2021-11-30
9224,295.0,2021-12-30
9225,296.0,2021-03-09
9226,296.0,2021-04-09
9227,296.0,2021-05-09
9228,296.0,2021-06-09
9229,296.0,2021-07-09
9230,296.0,2021-08-09
9231,296.0,2021-09-09
9232,296.0,2021-10-09
9233,296.0,2021-11-09
9234,296.0,2021-12-09
9235,297.0,2021-08-16
9236,297.0,2021-09-16
9237,297.0,2021-10-16
9238,297.0,2021-11-16
9239,297.0,2021-12-16
9240,298.0,2021-04-29
9241,298.0,2021-05-29
9242,298.0,2021-06-29
9243,298.0,2021-07-29
9244,298.0,2021-08-29
9245,298.0,2021-09-29
9246,298.0,2021-10-29
9247,298.0,2021-11-29
9248,298.0,2021-12-29
9249,299.0,2021-07-14
9250,299.0,2021-08-14
9251,299.0,2021-09-14
9252,299.0,2021-10-14
9253,299.0,2021-11-14
9254,299.0,2021-12-14
9255,300.0,2020-12-03
9256,300.0,2021-01-03
9257,300.0,2021-02-03
9258,300.0,2021-03-03
9259,300.0,2021-04-03
9260,300.0,2021-05-03
9261,300.0,2021-06-03
9262,300.0,2021-07-03
9263,300.0,2021-08-03
9264,300.0,2021-09-03
9265,300.0,2021-10-03
9266,300.0,2021-11-03
9267,300.0,2021-12-03
9268,301.0,2021-03-16
9269,301.0,2021-04-16
9270,301.0,2021-05-16
9271,301.0,2021-06-16
9272,301.0,2021-07-16
9273,301.0,2021-08-16
9274,301.0,2021-09-16
9275,301.0,2021-10-16
9276,301.0,2021-11-16
9277,301.0,2021-12-16
9278,302.0,2020-11-25
9279,302.0,2020-12-25
9280,302.0,2021-01-25
9281,302.0,2021-02-25
9282,302.0,2021-03-25
9283,302.0,2021-04-25
9284,302.0,2021-05-25
9285,302.0,2021-06-25
9286,302.0,2021-07-25
9287,302.0,2021-08-25
9288,302.0,2021-09-25
9289,302.0,2021-10-25
9290,302.0,2021-11-25
9291,302.0,2021-12-25
9292,303.0,2020-10-07
9293,303.0,2020-11-07
9294,303.0,2020-12-07
9295,303.0,2021-01-07
9296,303.0,2021-02-07
9297,303.0,2021-03-07
9298,303.0,2021-04-07
9299,303.0,2021-05-07
9300,303.0,2021-06-07
9301,303.0,2021-07-07
9302,303.0,2021-08-07
9303,303.0,2021-09-07
9304,303.0,2021-10-07
9305,303.0,2021-11-07
9306,303.0,2021-12-07
9307,304.0,2020-10-03
9308,304.0,2020-11-03
9309,304.0,2020-12-03
9310,304.0,2021-01-03
9311,304.0,2021-02-03
9312,304.0,2021-03-03
9313,304.0,2021-04-03
9314,304.0,2021-05-03
9315,304.0,2021-06-03
9316,304.0,2021-07-03
9317,304.0,2021-08-03
9318,305.0,2020-08-26
9319,305.0,2020-09-26
9320,305.0,2020-10-26
9321,305.0,2020-11-26
9322,305.0,2020-12-26
9323,305.0,2021-01-26
9324,305.0,2021-02-26
9325,305.0,2021-03-26
9326,305.0,2021-04-26
9327,305.0,2021-05-26
9328,305.0,2021-06-26
9329,305.0,2021-07-26
9330,305.0,2021-08-26
9331,305.0,2021-09-26
9332,305.0,2021-10-26
9333,305.0,2021-11-26
9334,305.0,2021-12-26
9335,306.0,2021-08-19
9336,306.0,2021-09-19
9337,306.0,2021-10-19
9338,306.0,2021-11-19
9339,306.0,2021-12-19
9340,307.0,2020-10-13
9341,307.0,2020-11-13
9342,307.0,2020-12-13
9343,307.0,2021-01-13
9344,307.0,2021-02-13
9345,307.0,2021-03-13
9346,307.0,2021-04-13
9347,307.0,2021-05-13
9348,307.0,2021-06-13
9349,308.0,2021-09-07
9350,309.0,2021-08-27
9351,309.0,2021-09-27
9352,309.0,2021-10-27
9353,309.0,2021-11-27
9354,309.0,2021-12-27
9355,310.0,2020-10-03
9356,310.0,2020-11-03
9357,310.0,2020-12-03
9358,310.0,2021-01-03
9359,310.0,2021-02-03
9360,310.0,2021-03-03
9361,310.0,2021-04-03
9362,310.0,2021-05-03
9363,310.0,2021-06-03
9364,310.0,2021-07-03
9365,310.0,2021-08-03
9366,311.0,2020-10-25
9367,311.0,2020-11-25
9368,311.0,2020-12-25
9369,311.0,2021-01-25
9370,311.0,2021-02-25
9371,311.0,2021-03-25
9372,311.0,2021-04-25
9373,311.0,2021-05-25
9374,311.0,2021-06-25
9375,311.0,2021-07-25
9376,312.0,2021-11-23
9377,312.0,2021-12-23
9378,313.0,2020-09-17
9379,313.0,2020-10-17
9380,313.0,2020-11-17
9381,313.0,2020-12-17
9382,313.0,2021-01-17
9383,313.0,2021-02-17
9384,313.0,2021-03-17
9385,313.0,2021-04-17
9386,313.0,2021-05-17
9387,313.0,2021-06-17
9388,313.0,2021-07-17
9389,313.0,2021-08-17
9390,313.0,2021-09-17
9391,313.0,2021-10-17
9392,313.0,2021-11-17
9393,313.0,2021-12-17
9394,314.0,2020-10-05
9395,314.0,2020-11-05
9396,314.0,2020-12-05
9397,315.0,2021-03-09
9398,315.0,2021-04-09
9399,315.0,2021-05-09
9400,315.0,2021-06-09
9401,315.0,2021-07-09
9402,315.0,2021-08-09
9403,315.0,2021-09-09
9404,315.0,2021-10-09
9405,316.0,2021-06-30
9406,316.0,2021-07-30
9407,316.0,2021-08-30
9408,316.0,2021-09-30
9409,316.0,2021-10-30
9410,317.0,2021-10-06
9411,318.0,2020-07-29
9412,318.0,2020-08-29
9413,318.0,2020-09-29
9414,318.0,2020-10-29
9415,319.0,2021-07-29
9416,319.0,2021-08-29
9417,319.0,2021-09-29
9418,319.0,2021-10-29
9419,319.0,2021-11-29
9420,319.0,2021-12-29
9421,320.0,2020-09-21
9422,320.0,2020-10-21
9423,320.0,2020-11-21
9424,320.0,2020-12-21
9425,320.0,2021-01-21
9426,320.0,2021-02-21
9427,320.0,2021-03-21
9428,320.0,2021-04-21
9429,320.0,2021-05-21
9430,320.0,2021-06-21
9431,320.0,2021-07-21
9432,320.0,2021-08-21
9433,320.0,2021-09-21
9434,320.0,2021-10-21
9435,320.0,2021-11-21
9436,320.0,2021-12-21
9437,321.0,2020-10-13
9438,321.0,2020-11-13
9439,321.0,2020-12-13
9440,321.0,2021-01-13
9441,321.0,2021-02-13
9442,321.0,2021-03-13
9443,321.0,2021-04-13
9444,321.0,2021-05-13
9445,321.0,2021-06-13
9446,321.0,2021-07-13
9447,321.0,2021-08-13
9448,321.0,2021-09-13
9449,321.0,2021-10-13
9450,321.0,2021-11-13
9451,321.0,2021-12-13
9452,322.0,2020-05-13
9453,322.0,2020-06-13
9454,322.0,2020-07-13
9455,322.0,2020-08-13
9456,322.0,2020-09-13
9457,322.0,2020-10-13
9458,322.0,2020-11-13
9459,322.0,2020-12-13
9460,322.0,2021-01-13
9461,322.0,2021-02-13
9462,322.0,2021-03-13
9463,322.0,2021-04-13
9464,322.0,2021-05-13
9465,322.0,2021-06-13
9466,322.0,2021-07-13
9467,322.0,2021-08-13
9468,322.0,2021-09-13
9469,322.0,2021-10-13
9470,322.0,2021-11-13
9471,322.0,2021-12-13
9472,323.0,2020-10-30
9473,323.0,2020-11-30
9474,323.0,2020-12-30
9475,323.0,2021-01-30
9476,323.0,2021-02-28
9477,323.0,2021-03-28
9478,323.0,2021-04-28
9479,323.0,2021-05-28
9480,323.0,2021-06-28
9481,323.0,2021-07-28
9482,323.0,2021-08-28
9483,323.0,2021-09-28
9484,323.0,2021-10-28
9485,323.0,2021-11-28
9486,323.0,2021-12-28
9487,324.0,2020-08-25
9488,324.0,2020-09-25
9489,324.0,2020-10-25
9490,324.0,2020-11-25
9491,324.0,2020-12-25
9492,324.0,2021-01-25
9493,324.0,2021-02-25
9494,324.0,2021-03-25
9495,324.0,2021-04-25
9496,324.0,2021-05-25
9497,324.0,2021-06-25
9498,324.0,2021-07-25
9499,324.0,2021-08-25
9500,324.0,2021-09-25
9501,324.0,2021-10-25
9502,324.0,2021-11-25
9503,324.0,2021-12-25
9504,325.0,2020-11-18
9505,325.0,2020-12-18
9506,325.0,2021-01-18
9507,325.0,2021-02-18
9508,325.0,2021-03-18
9509,325.0,2021-04-18
9510,325.0,2021-05-18
9511,325.0,2021-06-18
9512,325.0,2021-07-18
9513,325.0,2021-08-18
9514,325.0,2021-09-18
9515,325.0,2021-10-18
9516,325.0,2021-11-18
9517,325.0,2021-12-18
9518,326.0,2021-08-29
9519,326.0,2021-09-29
9520,326.0,2021-10-29
9521,326.0,2021-11-29
9522,326.0,2021-12-29
9523,327.0,2021-07-09
9524,327.0,2021-08-09
9525,328.0,2020-11-16
9526,328.0,2020-12-16
9527,328.0,2021-01-16
9528,328.0,2021-02-16
9529,328.0,2021-03-16
9530,328.0,2021-04-16
9531,328.0,2021-05-16
9532,328.0,2021-06-16
9533,328.0,2021-07-16
9534,328.0,2021-08-16
9535,328.0,2021-09-16
9536,328.0,2021-10-16
9537,328.0,2021-11-16
9538,328.0,2021-12-16
9539,329.0,2020-08-19
9540,329.0,2020-09-19
9541,329.0,2020-10-19
9542,329.0,2020-11-19
9543,329.0,2020-12-19
9544,329.0,2021-01-19
9545,329.0,2021-02-19
9546,329.0,2021-03-19
9547,329.0,2021-04-19
9548,329.0,2021-05-19
9549,329.0,2021-06-19
9550,329.0,2021-07-19
9551,329.0,2021-08-19
9552,329.0,2021-09-19
9553,329.0,2021-10-19
9554,329.0,2021-11-19
9555,329.0,2021-12-19
9556,330.0,2020-11-27
9557,330.0,2020-12-27
9558,330.0,2021-01-27
9559,330.0,2021-02-27
9560,330.0,2021-03-27
9561,330.0,2021-04-27
9562,330.0,2021-05-27
9563,330.0,2021-06-27
9564,330.0,2021-07-27
9565,330.0,2021-08-27
9566,330.0,2021-09-27
9567,330.0,2021-10-27
9568,330.0,2021-11-27
9569,330.0,2021-12-27
9570,331.0,2020-11-04
9571,331.0,2020-12-04
9572,331.0,2021-01-04
9573,331.0,2021-02-04
9574,331.0,2021-03-04
9575,331.0,2021-04-04
9576,331.0,2021-05-04
9577,331.0,2021-06-04
9578,331.0,2021-07-04
9579,331.0,2021-08-04
9580,331.0,2021-09-04
9581,331.0,2021-10-04
9582,331.0,2021-11-04
9583,331.0,2021-12-04
9584,332.0,2020-07-23
9585,332.0,2020-08-23
9586,332.0,2020-09-23
9587,332.0,2020-10-23
9588,332.0,2020-11-23
9589,332.0,2020-12-23
9590,332.0,2021-01-23
9591,332.0,2021-02-23
9592,332.0,2021-03-23
9593,332.0,2021-04-23
9594,332.0,2021-05-23
9595,332.0,2021-06-23
9596,332.0,2021-07-23
9597,332.0,2021-08-23
9598,332.0,2021-09-23
9599,332.0,2021-10-23
9600,332.0,2021-11-23
9601,332.0,2021-12-23
9602,333.0,2021-11-20
9603,333.0,2021-12-20
9604,334.0,2021-11-03
9605,335.0,2021-07-15
9606,335.0,2021-08-15
9607,335.0,2021-09-15
9608,335.0,2021-10-15
9609,336.0,2021-02-16
9610,336.0,2021-03-16
9611,336.0,2021-04-16
9612,336.0,2021-05-16
9613,336.0,2021-06-16
9614,336.0,2021-07-16
9615,336.0,2021-08-16
9616,336.0,2021-09-16
9617,336.0,2021-10-16
9618,336.0,2021-11-16
9619,336.0,2021-12-16
9620,337.0,2021-03-21
9621,337.0,2021-04-21
9622,337.0,2021-05-21
9623,337.0,2021-06-21
9624,337.0,2021-07-21
9625,337.0,2021-08-21
9626,337.0,2021-09-21
9627,337.0,2021-10-21
9628,337.0,2021-11-21
9629,337.0,2021-12-21
9630,338.0,2020-08-28
9631,338.0,2020-09-28
9632,338.0,2020-10-28
9633,338.0,2020-11-28
9634,338.0,2020-12-28
9635,338.0,2021-01-28
9636,338.0,2021-02-28
9637,338.0,2021-03-28
9638,338.0,2021-04-28
9639,338.0,2021-05-28
9640,338.0,2021-06-28
9641,338.0,2021-07-28
9642,338.0,2021-08-28
9643,338.0,2021-09-28
9644,338.0,2021-10-28
9645,338.0,2021-11-28
9646,338.0,2021-12-28
9647,339.0,2021-11-09
9648,339.0,2021-12-09
9649,340.0,2020-08-20
9650,340.0,2020-09-20
9651,340.0,2020-10-20
9652,340.0,2020-11-20
9653,340.0,2020-12-20
9654,340.0,2021-01-20
9655,340.0,2021-02-20
9656,340.0,2021-03-20
9657,340.0,2021-04-20
9658,340.0,2021-05-20
9659,340.0,2021-06-20
9660,340.0,2021-07-20
9661,340.0,2021-08-20
9662,340.0,2021-09-20
9663,340.0,2021-10-20
9664,340.0,2021-11-20
9665,340.0,2021-12-20
9666,341.0,2021-10-27
9667,341.0,2021-11-27
9668,341.0,2021-12-27
9669,342.0,2020-06-25
9670,342.0,2020-07-25
9671,342.0,2020-08-25
9672,342.0,2020-09-25
9673,342.0,2020-10-25
9674,342.0,2020-11-25
9675,342.0,2020-12-25
9676,342.0,2021-01-25
9677,342.0,2021-02-25
9678,342.0,2021-03-25
9679,342.0,2021-04-25
9680,342.0,2021-05-25
9681,342.0,2021-06-25
9682,342.0,2021-07-25
9683,342.0,2021-08-25
9684,342.0,2021-09-25
9685,342.0,2021-10-25
9686,342.0,2021-11-25
9687,343.0,2020-05-13
9688,343.0,2020-06-13
9689,343.0,2020-07-13
9690,343.0,2020-08-13
9691,343.0,2020-09-13
9692,343.0,2020-10-13
9693,343.0,2020-11-13
9694,343.0,2020-12-13
9695,343.0,2021-01-13
9696,343.0,2021-02-13
9697,343.0,2021-03-13
9698,343.0,2021-04-13
9699,343.0,2021-05-13
9700,343.0,2021-06-13
9701,343.0,2021-07-13
9702,343.0,2021-08-13
9703,343.0,2021-09-13
9704,343.0,2021-10-13
9705,343.0,2021-11-13
9706,343.0,2021-12-13
9707,344.0,2021-06-12
9708,344.0,2021-07-12
9709,344.0,2021-08-12
9710,344.0,2021-09-12
9711,345.0,2021-08-29
9712,345.0,2021-09-29
9713,345.0,2021-10-29
9714,345.0,2021-11-29
9715,345.0,2021-12-29
9716,346.0,2020-10-31
9717,346.0,2020-11-30
9718,346.0,2020-12-30
9719,346.0,2021-01-30
9720,346.0,2021-02-28
9721,346.0,2021-03-28
9722,346.0,2021-04-28
9723,346.0,2021-05-28
9724,346.0,2021-06-28
9725,346.0,2021-07-28
9726,346.0,2021-08-28
9727,346.0,2021-09-28
9728,346.0,2021-10-28
9729,346.0,2021-11-28
9730,346.0,2021-12-28
9731,347.0,2021-07-11
9732,347.0,2021-08-11
9733,347.0,2021-09-11
9734,347.0,2021-10-11
9735,347.0,2021-11-11
9736,347.0,2021-12-11
9737,348.0,2021-10-01
9738,348.0,2021-11-01
9739,348.0,2021-12-01
9740,349.0,2020-09-30
9741,349.0,2020-10-30
9742,349.0,2020-11-30
9743,349.0,2020-12-30
9744,349.0,2021-01-30
9745,349.0,2021-02-28
9746,349.0,2021-03-28
9747,349.0,2021-04-28
9748,349.0,2021-05-28
9749,349.0,2021-06-28
9750,349.0,2021-07-28
9751,349.0,2021-08-28
9752,349.0,2021-09-28
9753,349.0,2021-10-28
9754,349.0,2021-11-28
9755,349.0,2021-12-28
9756,350.0,2021-05-31
9757,350.0,2021-06-30
9758,350.0,2021-07-30
9759,350.0,2021-08-30
9760,350.0,2021-09-30
9761,350.0,2021-10-30
9762,350.0,2021-11-30
9763,350.0,2021-12-30
9764,351.0,2020-06-13
9765,351.0,2020-07-13
9766,351.0,2020-08-13
9767,351.0,2020-09-13
9768,351.0,2020-10-13
9769,351.0,2020-11-13
9770,351.0,2020-12-13
9771,351.0,2021-01-13
9772,351.0,2021-02-13
9773,351.0,2021-03-13
9774,351.0,2021-04-13
9775,351.0,2021-05-13
9776,351.0,2021-06-13
9777,351.0,2021-07-13
9778,351.0,2021-08-13
9779,351.0,2021-09-13
9780,351.0,2021-10-13
9781,351.0,2021-11-13
9782,351.0,2021-12-13
9783,352.0,2020-06-20
9784,352.0,2020-07-20
9785,352.0,2020-08-20
9786,352.0,2020-09-20
9787,352.0,2020-10-20
9788,352.0,2020-11-20
9789,352.0,2020-12-20
9790,352.0,2021-01-20
9791,352.0,2021-02-20
9792,352.0,2021-03-20
9793,352.0,2021-04-20
9794,352.0,2021-05-20
9795,352.0,2021-06-20
9796,352.0,2021-07-20
9797,352.0,2021-08-20
9798,352.0,2021-09-20
9799,352.0,2021-10-20
9800,352.0,2021-11-20
9801,352.0,2021-12-20
9802,353.0,2021-03-31
9803,353.0,2021-04-30
9804,353.0,2021-05-30
9805,353.0,2021-06-30
9806,353.0,2021-07-30
9807,353.0,2021-08-30
9808,353.0,2021-09-30
9809,353.0,2021-10-30
9810,353.0,2021-11-30
9811,353.0,2021-12-30
9812,354.0,2021-11-22
9813,354.0,2021-12-22
9814,355.0,2021-02-15
9815,355.0,2021-03-15
9816,355.0,2021-04-15
9817,355.0,2021-05-15
9818,355.0,2021-06-15
9819,355.0,2021-07-15
9820,355.0,2021-08-15
9821,355.0,2021-09-15
9822,355.0,2021-10-15
9823,355.0,2021-11-15
9824,355.0,2021-12-15
9825,356.0,2021-07-05
9826,357.0,2020-08-18
9827,357.0,2020-09-18
9828,357.0,2020-10-18
9829,357.0,2020-11-18
9830,357.0,2020-12-18
9831,357.0,2021-01-18
9832,357.0,2021-02-18
9833,357.0,2021-03-18
9834,357.0,2021-04-18
9835,357.0,2021-05-18
9836,357.0,2021-06-18
9837,357.0,2021-07-18
9838,357.0,2021-08-18
9839,357.0,2021-09-18
9840,357.0,2021-10-18
9841,357.0,2021-11-18
9842,357.0,2021-12-18
9843,358.0,2021-07-30
9844,358.0,2021-08-30
9845,358.0,2021-09-30
9846,358.0,2021-10-30
9847,358.0,2021-11-30
9848,358.0,2021-12-30
9849,359.0,2021-12-03
9850,360.0,2020-11-01
9851,360.0,2020-12-01
9852,360.0,2021-01-01
9853,360.0,2021-02-01
9854,360.0,2021-03-01
9855,360.0,2021-04-01
9856,360.0,2021-05-01
9857,360.0,2021-06-01
9858,360.0,2021-07-01
9859,360.0,2021-08-01
9860,360.0,2021-09-01
9861,360.0,2021-10-01
9862,360.0,2021-11-01
9863,360.0,2021-12-01
9864,361.0,2021-04-08
9865,361.0,2021-05-08
9866,361.0,2021-06-08
9867,361.0,2021-07-08
9868,361.0,2021-08-08
9869,361.0,2021-09-08
9870,361.0,2021-10-08
9871,361.0,2021-11-08
9872,361.0,2021-12-08
9873,362.0,2021-04-11
9874,362.0,2021-05-11
9875,362.0,2021-06-11
9876,362.0,2021-07-11
9877,362.0,2021-08-11
9878,362.0,2021-09-11
9879,362.0,2021-10-11
9880,362.0,2021-11-11
9881,362.0,2021-12-11
9882,363.0,2021-03-01
9883,363.0,2021-04-01
9884,363.0,2021-05-01
9885,363.0,2021-06-01
9886,363.0,2021-07-01
9887,363.0,2021-08-01
9888,363.0,2021-09-01
9889,363.0,2021-10-01
9890,363.0,2021-11-01
9891,363.0,2021-12-01
9892,364.0,2021-02-23
9893,364.0,2021-03-23
9894,364.0,2021-04-23
9895,364.0,2021-05-23
9896,364.0,2021-06-23
9897,364.0,2021-07-23
9898,364.0,2021-08-23
9899,364.0,2021-09-23
9900,364.0,2021-10-23
9901,364.0,2021-11-23
9902,364.0,2021-12-23
9903,365.0,2021-08-21
9904,365.0,2021-09-21
9905,365.0,2021-10-21
9906,366.0,2021-08-21
9907,366.0,2021-09-21
9908,366.0,2021-10-21
9909,367.0,2020-11-13
9910,367.0,2020-12-13
9911,367.0,2021-01-13
9912,367.0,2021-02-13
9913,367.0,2021-03-13
9914,367.0,2021-04-13
9915,367.0,2021-05-13
9916,367.0,2021-06-13
9917,367.0,2021-07-13
9918,367.0,2021-08-13
9919,367.0,2021-09-13
9920,367.0,2021-10-13
9921,367.0,2021-11-13
9922,367.0,2021-12-13
9923,368.0,2021-02-07
9924,368.0,2021-03-07
9925,368.0,2021-04-07
9926,368.0,2021-05-07
9927,368.0,2021-06-07
9928,368.0,2021-07-07
9929,368.0,2021-08-07
9930,368.0,2021-09-07
9931,368.0,2021-10-07
9932,368.0,2021-11-07
9933,368.0,2021-12-07
9934,369.0,2020-09-14
9935,369.0,2020-10-14
9936,369.0,2020-11-14
9937,369.0,2020-12-14
9938,369.0,2021-01-14
9939,369.0,2021-02-14
9940,369.0,2021-03-14
9941,369.0,2021-04-14
9942,369.0,2021-05-14
9943,369.0,2021-06-14
9944,369.0,2021-07-14
9945,369.0,2021-08-14
9946,369.0,2021-09-14
9947,369.0,2021-10-14
9948,369.0,2021-11-14
9949,369.0,2021-12-14
9950,370.0,2021-09-19
9951,370.0,2021-10-19
9952,370.0,2021-11-19
9953,370.0,2021-12-19
9954,371.0,2021-04-12
9955,371.0,2021-05-12
9956,371.0,2021-06-12
9957,371.0,2021-07-12
9958,371.0,2021-08-12
9959,371.0,2021-09-12
9960,371.0,2021-10-12
9961,371.0,2021-11-12
9962,371.0,2021-12-12
9963,372.0,2020-10-21
9964,372.0,2020-11-21
9965,372.0,2020-12-21
9966,372.0,2021-01-21
9967,372.0,2021-02-21
9968,372.0,2021-03-21
9969,372.0,2021-04-21
9970,372.0,2021-05-21
9971,372.0,2021-06-21
9972,372.0,2021-07-21
9973,372.0,2021-08-21
9974,372.0,2021-09-21
9975,372.0,2021-10-21
9976,372.0,2021-11-21
9977,372.0,2021-12-21
9978,373.0,2020-08-25
9979,373.0,2020-09-25
9980,373.0,2020-10-25
9981,373.0,2020-11-25
9982,373.0,2020-12-25
9983,373.0,2021-01-25
9984,373.0,2021-02-25
9985,373.0,2021-03-25
9986,373.0,2021-04-25
9987,373.0,2021-05-25
9988,373.0,2021-06-25
9989,373.0,2021-07-25
9990,373.0,2021-08-25
9991,373.0,2021-09-25
9992,373.0,2021-10-25
9993,373.0,2021-11-25
9994,373.0,2021-12-25
9995,374.0,2021-09-13
9996,374.0,2021-10-13
9997,374.0,2021-11-13
9998,374.0,2021-12-13
9999,375.0,2020-11-10
10000,375.0,2020-12-10
10001,375.0,2021-01-10
10002,375.0,2021-02-10
10003,375.0,2021-03-10
10004,375.0,2021-04-10
10005,375.0,2021-05-10
10006,375.0,2021-06-10
10007,375.0,2021-07-10
10008,375.0,2021-08-10
10009,375.0,2021-09-10
10010,375.0,2021-10-10
10011,375.0,2021-11-10
10012,375.0,2021-12-10
10013,376.0,2021-06-25
10014,376.0,2021-07-25
10015,376.0,2021-08-25
10016,376.0,2021-09-25
10017,376.0,2021-10-25
10018,376.0,2021-11-25
10019,376.0,2021-12-25
10020,377.0,2020-12-12
10021,377.0,2021-01-12
10022,377.0,2021-02-12
10023,377.0,2021-03-12
10024,377.0,2021-04-12
10025,377.0,2021-05-12
10026,377.0,2021-06-12
10027,377.0,2021-07-12
10028,377.0,2021-08-12
10029,377.0,2021-09-12
10030,377.0,2021-10-12
10031,377.0,2021-11-12
10032,377.0,2021-12-12
10033,378.0,2021-10-11
10034,378.0,2021-11-11
10035,378.0,2021-12-11
10036,379.0,2021-06-16
10037,379.0,2021-07-16
10038,379.0,2021-08-16
10039,379.0,2021-09-16
10040,379.0,2021-10-16
10041,379.0,2021-11-16
10042,380.0,2021-12-12
10043,381.0,2020-08-05
10044,381.0,2020-09-05
10045,381.0,2020-10-05
10046,381.0,2020-11-05
10047,382.0,2021-11-13
10048,383.0,2020-08-09
10049,384.0,2020-09-09
10050,384.0,2020-10-09
10051,384.0,2020-11-09
10052,384.0,2020-12-09
10053,384.0,2021-01-09
10054,384.0,2021-02-09
10055,384.0,2021-03-09
10056,384.0,2021-04-09
10057,384.0,2021-05-09
10058,384.0,2021-06-09
10059,384.0,2021-07-09
10060,384.0,2021-08-09
10061,384.0,2021-09-09
10062,384.0,2021-10-09
10063,384.0,2021-11-09
10064,384.0,2021-12-09
10065,385.0,2021-12-13
10066,386.0,2021-06-28
10067,386.0,2021-07-28
10068,386.0,2021-08-28
10069,386.0,2021-09-28
10070,386.0,2021-10-28
10071,386.0,2021-11-28
10072,386.0,2021-12-28
10073,387.0,2021-09-08
10074,387.0,2021-10-08
10075,387.0,2021-11-08
10076,387.0,2021-12-08
10077,388.0,2021-08-18
10078,388.0,2021-09-18
10079,388.0,2021-10-18
10080,388.0,2021-11-18
10081,388.0,2021-12-18
10082,389.0,2020-06-08
10083,389.0,2020-07-08
10084,389.0,2020-08-08
10085,389.0,2020-09-08
10086,389.0,2020-10-08
10087,389.0,2020-11-08
10088,389.0,2020-12-08
10089,389.0,2021-01-08
10090,389.0,2021-02-08
10091,389.0,2021-03-08
10092,389.0,2021-04-08
10093,389.0,2021-05-08
10094,390.0,2021-12-03
10095,391.0,2021-05-27
10096,391.0,2021-06-27
10097,391.0,2021-07-27
10098,392.0,2021-12-12
10099,393.0,2021-12-14
10100,394.0,2020-10-21
10101,394.0,2020-11-21
10102,394.0,2020-12-21
10103,394.0,2021-01-21
10104,395.0,2021-06-08
10105,396.0,2021-11-09
10106,396.0,2021-12-09
10107,397.0,2021-06-26
10108,397.0,2021-07-26
10109,397.0,2021-08-26
10110,398.0,2020-07-25
10111,398.0,2020-08-25
10112,398.0,2020-09-25
10113,398.0,2020-10-25
10114,399.0,2020-11-30
10115,399.0,2020-12-30
10116,399.0,2021-01-30
10117,399.0,2021-02-28
10118,399.0,2021-03-28
10119,399.0,2021-04-28
10120,399.0,2021-05-28
10121,399.0,2021-06-28
10122,399.0,2021-07-28
10123,399.0,2021-08-28
10124,399.0,2021-09-28
10125,399.0,2021-10-28
10126,400.0,2020-08-22
10127,400.0,2020-09-22
10128,400.0,2020-10-22
10129,400.0,2020-11-22
10130,400.0,2020-12-22
10131,400.0,2021-01-22
10132,400.0,2021-02-22
10133,400.0,2021-03-22
10134,400.0,2021-04-22
10135,400.0,2021-05-22
10136,400.0,2021-06-22
10137,400.0,2021-07-22
10138,400.0,2021-08-22
10139,400.0,2021-09-22
10140,401.0,2020-09-14
10141,401.0,2020-10-14
10142,401.0,2020-11-14
10143,401.0,2020-12-14
10144,401.0,2021-01-14
10145,401.0,2021-02-14
10146,401.0,2021-03-14
10147,401.0,2021-04-14
10148,401.0,2021-05-14
10149,401.0,2021-06-14
10150,401.0,2021-07-14
10151,401.0,2021-08-14
10152,402.0,2020-12-18
10153,402.0,2021-01-18
10154,402.0,2021-02-18
10155,402.0,2021-03-18
10156,402.0,2021-04-18
10157,402.0,2021-05-18
10158,402.0,2021-06-18
10159,402.0,2021-07-18
10160,402.0,2021-08-18
10161,402.0,2021-09-18
10162,403.0,2020-11-25
10163,403.0,2020-12-25
10164,403.0,2021-01-25
10165,403.0,2021-02-25
10166,403.0,2021-03-25
10167,403.0,2021-04-25
10168,403.0,2021-05-25
10169,403.0,2021-06-25
10170,403.0,2021-07-25
10171,403.0,2021-08-25
10172,403.0,2021-09-25
10173,403.0,2021-10-25
10174,403.0,2021-11-25
10175,403.0,2021-12-25
10176,404.0,2021-11-06
10177,404.0,2021-12-06
10178,405.0,2021-03-06
10179,405.0,2021-04-06
10180,405.0,2021-05-06
10181,405.0,2021-06-06
10182,405.0,2021-07-06
10183,405.0,2021-08-06
10184,405.0,2021-09-06
10185,405.0,2021-10-06
10186,405.0,2021-11-06
10187,405.0,2021-12-06
10188,406.0,2021-08-30
10189,406.0,2021-09-30
10190,406.0,2021-10-30
10191,406.0,2021-11-30
10192,406.0,2021-12-30
10193,407.0,2020-11-11
10194,407.0,2020-12-11
10195,407.0,2021-01-11
10196,407.0,2021-02-11
10197,407.0,2021-03-11
10198,407.0,2021-04-11
10199,407.0,2021-05-11
10200,407.0,2021-06-11
10201,407.0,2021-07-11
10202,407.0,2021-08-11
10203,407.0,2021-09-11
10204,407.0,2021-10-11
10205,407.0,2021-11-11
10206,407.0,2021-12-11
10207,408.0,2020-12-24
10208,408.0,2021-01-24
10209,408.0,2021-02-24
10210,408.0,2021-03-24
10211,408.0,2021-04-24
10212,408.0,2021-05-24
10213,408.0,2021-06-24
10214,408.0,2021-07-24
10215,408.0,2021-08-24
10216,408.0,2021-09-24
10217,408.0,2021-10-24
10218,408.0,2021-11-24
10219,409.0,2021-01-05
10220,409.0,2021-02-05
10221,409.0,2021-03-05
10222,409.0,2021-04-05
10223,409.0,2021-05-05
10224,409.0,2021-06-05
10225,409.0,2021-07-05
10226,409.0,2021-08-05
10227,409.0,2021-09-05
10228,409.0,2021-10-05
10229,409.0,2021-11-05
10230,409.0,2021-12-05
10231,410.0,2020-08-14
10232,410.0,2020-09-14
10233,410.0,2020-10-14
10234,410.0,2020-11-14
10235,410.0,2020-12-14
10236,410.0,2021-01-14
10237,410.0,2021-02-14
10238,410.0,2021-03-14
10239,410.0,2021-04-14
10240,410.0,2021-05-14
10241,410.0,2021-06-14
10242,410.0,2021-07-14
10243,410.0,2021-08-14
10244,410.0,2021-09-14
10245,410.0,2021-10-14
10246,410.0,2021-11-14
10247,410.0,2021-12-14
10248,411.0,2020-12-24
10249,411.0,2021-01-24
10250,411.0,2021-02-24
10251,411.0,2021-03-24
10252,411.0,2021-04-24
10253,411.0,2021-05-24
10254,411.0,2021-06-24
10255,411.0,2021-07-24
10256,411.0,2021-08-24
10257,411.0,2021-09-24
10258,411.0,2021-10-24
10259,411.0,2021-11-24
10260,411.0,2021-12-24
10261,412.0,2020-06-15
10262,412.0,2020-07-15
10263,412.0,2020-08-15
10264,412.0,2020-09-15
10265,413.0,2020-07-09
10266,413.0,2020-08-09
10267,413.0,2020-09-09
10268,413.0,2020-10-09
10269,413.0,2020-11-09
10270,413.0,2020-12-09
10271,413.0,2021-01-09
10272,413.0,2021-02-09
10273,413.0,2021-03-09
10274,413.0,2021-04-09
10275,413.0,2021-05-09
10276,413.0,2021-06-09
10277,413.0,2021-07-09
10278,413.0,2021-08-09
10279,413.0,2021-09-09
10280,413.0,2021-10-09
10281,413.0,2021-11-09
10282,413.0,2021-12-09
10283,414.0,2021-02-26
10284,414.0,2021-03-26
10285,414.0,2021-04-26
10286,414.0,2021-05-26
10287,414.0,2021-06-26
10288,414.0,2021-07-26
10289,414.0,2021-08-26
10290,414.0,2021-09-26
10291,414.0,2021-10-26
10292,414.0,2021-11-26
10293,414.0,2021-12-26
10294,415.0,2020-06-28
10295,415.0,2020-07-28
10296,415.0,2020-08-28
10297,415.0,2020-09-28
10298,415.0,2020-10-28
10299,415.0,2020-11-28
10300,415.0,2020-12-28
10301,415.0,2021-01-28
10302,415.0,2021-02-28
10303,415.0,2021-03-28
10304,415.0,2021-04-28
10305,415.0,2021-05-28
10306,415.0,2021-06-28
10307,415.0,2021-07-28
10308,415.0,2021-08-28
10309,415.0,2021-09-28
10310,415.0,2021-10-28
10311,415.0,2021-11-28
10312,415.0,2021-12-28
10313,416.0,2020-06-04
10314,416.0,2020-07-04
10315,416.0,2020-08-04
10316,416.0,2020-09-04
10317,416.0,2020-10-04
10318,416.0,2020-11-04
10319,416.0,2020-12-04
10320,416.0,2021-01-04
10321,416.0,2021-02-04
10322,416.0,2021-03-04
10323,416.0,2021-04-04
10324,416.0,2021-05-04
10325,416.0,2021-06-04
10326,416.0,2021-07-04
10327,416.0,2021-08-04
10328,416.0,2021-09-04
10329,416.0,2021-10-04
10330,416.0,2021-11-04
10331,416.0,2021-12-04
10332,417.0,2020-08-13
10333,417.0,2020-09-13
10334,417.0,2020-10-13
10335,417.0,2020-11-13
10336,417.0,2020-12-13
10337,417.0,2021-01-13
10338,417.0,2021-02-13
10339,417.0,2021-03-13
10340,417.0,2021-04-13
10341,417.0,2021-05-13
10342,417.0,2021-06-13
10343,417.0,2021-07-13
10344,417.0,2021-08-13
10345,417.0,2021-09-13
10346,417.0,2021-10-13
10347,417.0,2021-11-13
10348,417.0,2021-12-13
10349,418.0,2021-09-02
10350,418.0,2021-10-02
10351,419.0,2020-10-12
10352,419.0,2020-11-12
10353,419.0,2020-12-12
10354,419.0,2021-01-12
10355,419.0,2021-02-12
10356,419.0,2021-03-12
10357,419.0,2021-04-12
10358,419.0,2021-05-12
10359,419.0,2021-06-12
10360,419.0,2021-07-12
10361,419.0,2021-08-12
10362,419.0,2021-09-12
10363,419.0,2021-10-12
10364,419.0,2021-11-12
10365,419.0,2021-12-12
